-- phpMyAdmin SQL Dump
-- version 5.1.1
-- https://www.phpmyadmin.net/
--
-- Host: 127.0.0.1
-- Generation Time: Dec 12, 2022 at 04:10 AM
-- Server version: 10.4.22-MariaDB
-- PHP Version: 8.1.2

SET SQL_MODE = "NO_AUTO_VALUE_ON_ZERO";
START TRANSACTION;
SET time_zone = "+00:00";


/*!40101 SET @OLD_CHARACTER_SET_CLIENT=@@CHARACTER_SET_CLIENT */;
/*!40101 SET @OLD_CHARACTER_SET_RESULTS=@@CHARACTER_SET_RESULTS */;
/*!40101 SET @OLD_COLLATION_CONNECTION=@@COLLATION_CONNECTION */;
/*!40101 SET NAMES utf8mb4 */;

--
-- Database: `project_delivery_app`
--

-- --------------------------------------------------------

--
-- Table structure for table `barang`
--

CREATE TABLE `barang` (
  `id` bigint(20) UNSIGNED NOT NULL,
  `pesanan_id` bigint(20) UNSIGNED NOT NULL,
  `nama` varchar(255) COLLATE utf8mb4_unicode_ci NOT NULL,
  `jumlah` int(11) NOT NULL,
  `berat` int(11) NOT NULL,
  `created_at` timestamp NULL DEFAULT NULL,
  `updated_at` timestamp NULL DEFAULT NULL
) ENGINE=InnoDB DEFAULT CHARSET=utf8mb4 COLLATE=utf8mb4_unicode_ci;

--
-- Dumping data for table `barang`
--

INSERT INTO `barang` (`id`, `pesanan_id`, `nama`, `jumlah`, `berat`, `created_at`, `updated_at`) VALUES
(1, 1, 'bedak', 6, 5, NULL, NULL),
(2, 2, 'indomie goreng', 10, 1, NULL, NULL),
(3, 3, 'indomie goreng', 15, 22, NULL, NULL),
(4, 4, 'susu', 1, 1, NULL, NULL),
(5, 5, 'mie gelas', 12, 10, NULL, NULL),
(6, 6, 'baju', 12, 10, NULL, NULL),
(7, 7, 'celana', 10, 5, NULL, NULL),
(8, 8, 'indomie goreng', 12, 5, NULL, NULL),
(9, 9, 'toner', 4, 3, NULL, NULL),
(10, 10, 'topi', 1, 1, NULL, NULL),
(11, 11, 'mie gelas', 5, 1, NULL, NULL),
(12, 12, 'jam', 2, 15, NULL, NULL),
(13, 13, 'mukena', 4, 9, NULL, NULL),
(14, 14, 'indomie goreng', 15, 3, NULL, NULL),
(15, 15, 'sandal', 1, 1, NULL, NULL),
(16, 16, 'indomie goreng', 12, 1, NULL, NULL),
(17, 17, 'baju', 13, 1, NULL, NULL),
(18, 18, 'buku tulis', 1, 5, NULL, NULL),
(19, 19, 'gelang', 1, 5, NULL, NULL),
(20, 20, 'kalung', 2, 1, NULL, NULL),
(21, 21, 'handphone', 4, 1, NULL, NULL),
(22, 22, 'indomie goreng', 28, 6, NULL, NULL),
(23, 23, 'indomie goreng', 15, 1, NULL, NULL),
(24, 24, 'baju', 12, 2, NULL, NULL),
(25, 25, 'indomie goreng', 9, 3, NULL, NULL),
(26, 26, 'indomie goreng', 10, 3, NULL, NULL),
(27, 27, 'botol minum', 1, 2, NULL, NULL),
(28, 28, 'mie gelas', 7, 7, NULL, NULL),
(29, 29, 'jaket', 4, 2, NULL, NULL),
(30, 30, 'indomie goreng', 22, 10, NULL, NULL),
(31, 31, 'bedak', 10, 2, NULL, NULL),
(32, 32, 'indomie goreng', 8, 5, NULL, NULL),
(33, 33, 'boneka', 1, 1, NULL, NULL),
(34, 34, 'susu', 25, 22, NULL, NULL),
(35, 35, 'mie gelas', 8, 1, NULL, NULL),
(36, 36, 'baju', 10, 10, NULL, NULL),
(37, 37, 'celana', 5, 10, NULL, NULL),
(38, 38, 'gula', 6, 5, NULL, NULL),
(39, 39, 'baju', 9, 5, NULL, NULL),
(40, 40, 'baju', 8, 3, NULL, NULL),
(41, 41, 'mie gelas', 8, 1, NULL, NULL),
(42, 42, 'jam', 12, 1, NULL, NULL),
(43, 43, 'mukena', 12, 15, NULL, NULL),
(44, 44, 'jilbab', 10, 9, NULL, NULL),
(45, 45, 'sandal', 12, 3, NULL, NULL),
(46, 46, 'mie gelas', 5, 1, NULL, NULL),
(47, 47, 'pensil', 1, 1, NULL, NULL),
(48, 48, 'indomie goreng', 6, 1, NULL, NULL),
(49, 49, 'gelang', 1, 5, NULL, NULL),
(50, 50, 'kalung', 15, 5, NULL, NULL),
(51, 51, 'handphone', 1, 1, NULL, NULL),
(52, 52, 'mie gelas', 9, 1, NULL, NULL),
(53, 53, 'indomie goreng', 12, 6, NULL, NULL),
(54, 54, 'baju', 10, 1, NULL, NULL),
(55, 55, 'indomie goreng', 12, 2, NULL, NULL),
(56, 56, 'masker duckbil', 4, 3, NULL, NULL),
(57, 57, 'botol minum', 1, 3, NULL, NULL),
(58, 58, 'mie gelas', 11, 2, NULL, NULL),
(59, 59, 'indomie goreng', 1, 7, NULL, NULL),
(60, 60, 'indomie goreng', 15, 2, NULL, NULL),
(61, 61, 'bedak', 1, 10, NULL, NULL),
(62, 62, 'indomie goreng', 12, 2, NULL, NULL),
(63, 63, 'boneka', 12, 3, NULL, NULL),
(64, 64, 'susu', 10, 1, NULL, NULL),
(65, 65, 'mie gelas', 10, 1, NULL, NULL),
(66, 66, 'baju', 9, 15, NULL, NULL),
(67, 67, 'celana', 1, 9, NULL, NULL),
(68, 68, 'gula', 1, 3, NULL, NULL),
(69, 69, 'toner', 1, 1, NULL, NULL),
(70, 70, 'topi', 2, 1, NULL, NULL),
(71, 71, 'sepatu', 4, 1, NULL, NULL),
(72, 72, 'mie gelas', 5, 5, NULL, NULL),
(73, 73, 'mie gelas', 5, 5, NULL, NULL),
(74, 74, 'jilbab', 2, 1, NULL, NULL),
(75, 75, 'sandal', 4, 1, NULL, NULL),
(76, 76, 'indomie goreng', 13, 6, NULL, NULL),
(77, 77, 'pensil', 1, 1, NULL, NULL),
(78, 78, 'indomie goreng', 10, 2, NULL, NULL),
(79, 79, 'indomie goreng', 10, 3, NULL, NULL),
(80, 80, 'kalung', 1, 3, NULL, NULL),
(81, 81, 'handphone', 1, 2, NULL, NULL),
(82, 82, 'sweater', 2, 7, NULL, NULL),
(83, 83, 'indomie goreng', 15, 2, NULL, NULL),
(84, 84, 'sapu', 15, 10, NULL, NULL),
(85, 85, 'taplak meja', 5, 3, NULL, NULL),
(86, 86, 'mie gelas', 6, 1, NULL, NULL),
(87, 87, 'botol minum', 7, 1, NULL, NULL),
(88, 88, 'mie gelas', 20, 15, NULL, NULL),
(89, 89, 'indomie goreng', 8, 9, NULL, NULL),
(90, 90, 'indomie goreng', 12, 3, NULL, NULL),
(91, 91, 'bedak', 10, 1, NULL, NULL),
(92, 92, 'indomie goreng', 12, 1, NULL, NULL),
(93, 93, 'boneka', 4, 1, NULL, NULL),
(94, 94, 'susu', 1, 5, NULL, NULL),
(95, 95, 'mie gelas', 6, 5, NULL, NULL),
(96, 96, 'baju', 1, 1, NULL, NULL),
(97, 97, 'mie gelas', 15, 1, NULL, NULL),
(98, 98, 'mie gelas', 1, 6, NULL, NULL),
(99, 99, 'baju', 12, 1, NULL, NULL),
(100, 100, 'topi', 12, 2, NULL, NULL),
(101, 101, 'sepatu', 10, 3, NULL, NULL),
(102, 102, 'jam', 12, 3, NULL, NULL),
(103, 103, 'mie gelas', 4, 2, NULL, NULL),
(104, 104, 'jilbab', 1, 7, NULL, NULL),
(105, 105, 'sandal', 12, 2, NULL, NULL),
(106, 106, 'kacamata', 10, 10, NULL, NULL),
(107, 107, 'pensil', 12, 3, NULL, NULL),
(108, 108, 'buku tulis', 4, 2, NULL, NULL),
(109, 109, 'mie gelas', 1, 7, NULL, NULL),
(110, 110, 'kalung', 6, 2, NULL, NULL),
(111, 111, 'mie gelas', 1, 3, NULL, NULL),
(112, 112, 'sweater', 15, 7, NULL, NULL),
(113, 113, 'kunciran', 1, 5, NULL, NULL),
(114, 114, 'baju', 12, 8, NULL, NULL),
(115, 115, 'taplak meja', 12, 7, NULL, NULL),
(116, 116, 'masker duckbil', 10, 1, NULL, NULL),
(117, 117, 'botol minum', 12, 1, NULL, NULL),
(118, 118, 'mie gelas', 4, 6, NULL, NULL),
(119, 119, 'indomie goreng', 1, 1, NULL, NULL),
(120, 120, 'indomie goreng', 12, 2, NULL, NULL),
(121, 121, 'bedak', 10, 3, NULL, NULL),
(122, 122, 'indomie goreng', 12, 3, NULL, NULL),
(123, 123, 'boneka', 4, 2, NULL, NULL),
(124, 124, 'susu', 1, 7, NULL, NULL),
(125, 125, 'mie gelas', 6, 2, NULL, NULL),
(126, 126, 'baju', 1, 6, NULL, NULL),
(127, 127, 'celana', 15, 3, NULL, NULL),
(128, 128, 'gula', 1, 10, NULL, NULL),
(129, 129, 'toner', 12, 2, NULL, NULL),
(130, 130, 'topi', 12, 5, NULL, NULL),
(131, 131, 'sepatu', 10, 1, NULL, NULL),
(132, 132, 'jam', 12, 22, NULL, NULL),
(133, 133, 'mukena', 4, 1, NULL, NULL),
(134, 134, 'jilbab', 1, 10, NULL, NULL),
(135, 135, 'sandal', 12, 10, NULL, NULL),
(136, 136, 'kacamata', 10, 5, NULL, NULL),
(137, 137, 'baju', 12, 5, NULL, NULL),
(138, 138, 'buku tulis', 4, 3, NULL, NULL),
(139, 139, 'gelang', 1, 1, NULL, NULL),
(140, 140, 'kalung', 6, 1, NULL, NULL),
(141, 141, 'baju', 1, 15, NULL, NULL),
(142, 142, 'sweater', 15, 9, NULL, NULL),
(143, 143, 'kunciran', 1, 3, NULL, NULL),
(144, 144, 'sapu', 12, 5, NULL, NULL),
(145, 145, 'taplak meja', 12, 8, NULL, NULL),
(146, 146, 'masker duckbil', 10, 7, NULL, NULL),
(147, 147, 'botol minum', 12, 1, NULL, NULL),
(148, 148, 'raket', 4, 1, NULL, NULL),
(149, 149, 'jaket', 1, 6, NULL, NULL),
(150, 150, 'headset', 12, 1, NULL, NULL),
(151, 151, 'bedak', 10, 2, NULL, NULL),
(152, 152, 'indomie goreng', 12, 3, NULL, NULL),
(153, 153, 'boneka', 4, 6, NULL, NULL),
(154, 154, 'susu', 1, 3, NULL, NULL),
(155, 155, 'mie gelas', 6, 10, NULL, NULL),
(156, 156, 'baju', 1, 2, NULL, NULL),
(157, 157, 'celana', 15, 5, NULL, NULL),
(158, 158, 'gula', 1, 6, NULL, NULL),
(159, 159, 'toner', 12, 7, NULL, NULL),
(160, 160, 'topi', 12, 8, NULL, NULL),
(161, 161, 'sepatu', 10, 9, NULL, NULL),
(162, 162, 'jam', 12, 1, NULL, NULL),
(163, 163, 'mukena', 4, 2, NULL, NULL),
(164, 164, 'jilbab', 1, 3, NULL, NULL),
(165, 165, 'sandal', 12, 3, NULL, NULL),
(166, 166, 'kacamata', 10, 2, NULL, NULL),
(167, 167, 'baju', 12, 1, NULL, NULL),
(168, 168, 'buku tulis', 4, 6, NULL, NULL),
(169, 169, 'gelang', 1, 7, NULL, NULL),
(170, 170, 'kalung', 6, 6, NULL, NULL),
(171, 171, 'baju', 1, 9, NULL, NULL),
(172, 172, 'sweater', 15, 8, NULL, NULL),
(173, 173, 'indomie goreng', 1, 8, NULL, NULL),
(174, 174, 'sapu', 12, 7, NULL, NULL),
(175, 175, 'taplak meja', 12, 6, NULL, NULL),
(176, 176, 'masker duckbil', 10, 5, NULL, NULL),
(177, 177, 'botol minum', 12, 1, NULL, NULL),
(178, 178, 'raket', 4, 2, NULL, NULL),
(179, 179, 'jaket', 1, 3, NULL, NULL),
(180, 180, 'headset', 12, 1, NULL, NULL),
(181, 181, 'bedak', 10, 21, NULL, NULL),
(182, 182, 'indomie goreng', 12, 22, NULL, NULL),
(183, 183, 'boneka', 4, 12, NULL, NULL),
(184, 184, 'susu', 1, 15, NULL, NULL),
(185, 185, 'mie gelas', 6, 17, NULL, NULL),
(186, 186, 'baju', 1, 18, NULL, NULL),
(187, 187, 'celana', 15, 20, NULL, NULL),
(188, 188, 'gula', 1, 21, NULL, NULL),
(189, 189, 'toner', 12, 22, NULL, NULL),
(190, 190, 'topi', 12, 21, NULL, NULL),
(191, 191, 'sepatu', 10, 10, NULL, NULL),
(192, 192, 'jam', 12, 12, NULL, NULL),
(193, 193, 'mukena', 4, 9, NULL, NULL),
(194, 194, 'jilbab', 1, 8, NULL, NULL),
(195, 195, 'sandal', 12, 18, NULL, NULL),
(196, 196, 'kacamata', 10, 8, NULL, NULL),
(197, 197, 'pensil', 12, 7, NULL, NULL),
(198, 198, 'buku tulis', 4, 6, NULL, NULL),
(199, 199, 'gelang', 5, 5, NULL, NULL),
(200, 200, 'kalung', 5, 1, NULL, NULL),
(201, 201, 'handphone', 5, 2, NULL, NULL),
(202, 202, 'sweater', 2, 3, NULL, NULL),
(203, 203, 'indomie goreng', 15, 3, NULL, NULL),
(204, 204, 'sandal ', 1, 1, NULL, NULL),
(205, 205, 'indomie goreng', 12, 1, NULL, NULL),
(206, 206, 'baju', 13, 1, NULL, NULL),
(207, 207, 'buku tulis', 1, 5, NULL, NULL),
(208, 208, 'gelang', 1, 5, NULL, NULL),
(209, 209, 'kalung', 2, 1, NULL, NULL),
(210, 210, 'handphone', 4, 1, NULL, NULL),
(211, 211, 'indomie goreng', 28, 6, NULL, NULL),
(212, 212, 'indomie goreng', 15, 1, NULL, NULL),
(213, 213, 'baju', 12, 2, NULL, NULL),
(214, 214, 'indomie goreng', 9, 3, NULL, NULL),
(215, 215, 'indomie goreng', 10, 3, NULL, NULL),
(216, 216, 'botol minum', 1, 2, NULL, NULL),
(217, 217, 'mie gelas', 7, 7, NULL, NULL),
(218, 218, 'jaket', 4, 2, NULL, NULL),
(219, 219, 'indomie goreng', 22, 10, NULL, NULL),
(220, 220, 'bedak', 10, 2, NULL, NULL),
(221, 221, 'indomie goreng', 8, 5, NULL, NULL),
(222, 222, 'boneka', 1, 1, NULL, NULL),
(223, 223, 'susu', 25, 22, NULL, NULL),
(224, 224, 'mie gelas', 8, 1, NULL, NULL),
(225, 225, 'baju', 10, 10, NULL, NULL),
(226, 226, 'celana', 5, 10, NULL, NULL),
(227, 227, 'gula', 6, 5, NULL, NULL),
(228, 228, 'baju', 9, 5, NULL, NULL),
(229, 229, 'baju', 8, 3, NULL, NULL),
(230, 230, 'mie gelas', 8, 1, NULL, NULL),
(231, 231, 'jam', 12, 1, NULL, NULL),
(232, 232, 'mukena', 12, 15, NULL, NULL),
(233, 233, 'jilbab', 10, 9, NULL, NULL),
(234, 234, 'sandal ', 12, 3, NULL, NULL),
(235, 235, 'mie gelas', 5, 1, NULL, NULL),
(236, 236, 'pensil', 1, 1, NULL, NULL),
(237, 237, 'indomie goreng', 6, 1, NULL, NULL),
(238, 238, 'gelang', 1, 5, NULL, NULL),
(239, 239, 'kalung', 15, 5, NULL, NULL),
(240, 240, 'handphone', 1, 1, NULL, NULL),
(241, 241, 'mie gelas', 9, 1, NULL, NULL),
(242, 242, 'indomie goreng', 12, 6, NULL, NULL),
(243, 243, 'baju', 10, 1, NULL, NULL),
(244, 244, 'indomie goreng', 12, 2, NULL, NULL),
(245, 245, 'masker duckbil', 4, 3, NULL, NULL),
(246, 246, 'botol minum', 1, 3, NULL, NULL),
(247, 247, 'mie gelas', 11, 2, NULL, NULL),
(248, 248, 'indomie goreng', 1, 7, NULL, NULL),
(249, 249, 'indomie goreng', 15, 2, NULL, NULL),
(250, 250, 'bedak', 1, 10, NULL, NULL),
(251, 251, 'indomie goreng', 12, 2, NULL, NULL),
(252, 252, 'boneka', 12, 3, NULL, NULL),
(253, 253, 'susu', 10, 1, NULL, NULL),
(254, 254, 'mie gelas', 10, 1, NULL, NULL),
(255, 255, 'baju', 9, 15, NULL, NULL),
(256, 256, 'celana', 1, 9, NULL, NULL),
(257, 257, 'gula', 1, 3, NULL, NULL),
(258, 258, 'toner', 1, 1, NULL, NULL),
(259, 259, 'topi', 2, 1, NULL, NULL),
(260, 260, 'sepatu', 4, 1, NULL, NULL),
(261, 261, 'mie gelas', 5, 5, NULL, NULL),
(262, 262, 'mie gelas', 5, 5, NULL, NULL),
(263, 263, 'jilbab', 2, 1, NULL, NULL),
(264, 264, 'sandal ', 4, 1, NULL, NULL),
(265, 265, 'indomie goreng', 13, 6, NULL, NULL),
(266, 266, 'pensil', 1, 1, NULL, NULL),
(267, 267, 'indomie goreng', 10, 2, NULL, NULL),
(268, 268, 'indomie goreng', 10, 3, NULL, NULL),
(269, 269, 'kalung', 1, 3, NULL, NULL),
(270, 270, 'handphone', 1, 2, NULL, NULL),
(271, 271, 'sweater', 2, 7, NULL, NULL),
(272, 272, 'indomie goreng', 15, 2, NULL, NULL),
(273, 273, 'sapu', 15, 10, NULL, NULL),
(274, 274, 'taplak meja', 5, 3, NULL, NULL),
(275, 275, 'mie gelas', 6, 1, NULL, NULL),
(276, 276, 'botol minum', 7, 1, NULL, NULL),
(277, 277, 'mie gelas', 20, 15, NULL, NULL),
(278, 278, 'indomie goreng', 8, 9, NULL, NULL),
(279, 279, 'indomie goreng', 12, 3, NULL, NULL),
(280, 280, 'bedak', 10, 1, NULL, NULL),
(281, 281, 'indomie goreng', 12, 1, NULL, NULL),
(282, 282, 'boneka', 4, 1, NULL, NULL),
(283, 283, 'susu', 1, 5, NULL, NULL),
(284, 284, 'mie gelas', 6, 5, NULL, NULL),
(285, 285, 'baju', 1, 1, NULL, NULL),
(286, 286, 'mie gelas', 15, 1, NULL, NULL),
(287, 287, 'mie gelas', 1, 6, NULL, NULL),
(288, 288, 'baju', 12, 1, NULL, NULL),
(289, 289, 'topi', 12, 2, NULL, NULL),
(290, 290, 'sepatu', 10, 3, NULL, NULL),
(291, 291, 'jam', 12, 3, NULL, NULL),
(292, 292, 'mie gelas', 4, 2, NULL, NULL),
(293, 293, 'jilbab', 1, 7, NULL, NULL),
(294, 294, 'sandal ', 12, 2, NULL, NULL),
(295, 295, 'kacamata', 10, 10, NULL, NULL),
(296, 296, 'pensil', 12, 3, NULL, NULL),
(297, 297, 'buku tulis', 4, 2, NULL, NULL),
(298, 298, 'mie gelas', 1, 7, NULL, NULL),
(299, 299, 'kalung', 6, 2, NULL, NULL),
(300, 300, 'mie gelas', 1, 3, NULL, NULL),
(301, 301, 'sweater', 15, 7, NULL, NULL),
(302, 302, 'kunciran', 1, 5, NULL, NULL),
(303, 303, 'baju', 12, 8, NULL, NULL),
(304, 304, 'bedak', 6, 5, NULL, NULL),
(305, 305, 'indomie goreng', 10, 1, NULL, NULL),
(306, 306, 'indomie goreng', 15, 22, NULL, NULL),
(307, 307, 'susu', 1, 1, NULL, NULL),
(308, 308, 'mie gelas', 12, 10, NULL, NULL),
(309, 309, 'baju', 12, 10, NULL, NULL),
(310, 310, 'celana', 10, 5, NULL, NULL),
(311, 311, 'indomie goreng', 12, 5, NULL, NULL),
(312, 312, 'toner', 4, 3, NULL, NULL),
(313, 313, 'topi', 1, 1, NULL, NULL),
(314, 314, 'mie gelas', 5, 1, NULL, NULL),
(315, 315, 'jam', 2, 15, NULL, NULL),
(316, 316, 'mukena', 4, 9, NULL, NULL),
(317, 317, 'indomie goreng', 15, 3, NULL, NULL),
(318, 318, 'sandal ', 1, 1, NULL, NULL),
(319, 319, 'indomie goreng', 12, 1, NULL, NULL),
(320, 320, 'baju', 13, 1, NULL, NULL),
(321, 321, 'buku tulis', 1, 5, NULL, NULL),
(322, 322, 'gelang', 1, 5, NULL, NULL),
(323, 323, 'kalung', 2, 1, NULL, NULL),
(324, 324, 'handphone', 4, 1, NULL, NULL),
(325, 325, 'indomie goreng', 28, 6, NULL, NULL),
(326, 326, 'indomie goreng', 15, 1, NULL, NULL),
(327, 327, 'baju', 12, 2, NULL, NULL),
(328, 328, 'indomie goreng', 9, 3, NULL, NULL),
(329, 329, 'indomie goreng', 10, 3, NULL, NULL),
(330, 330, 'botol minum', 1, 2, NULL, NULL),
(331, 331, 'mie gelas', 7, 7, NULL, NULL),
(332, 332, 'bedak', 10, 2, NULL, NULL),
(333, 333, 'indomie goreng', 12, 3, NULL, NULL),
(334, 334, 'boneka', 4, 6, NULL, NULL),
(335, 335, 'susu', 1, 3, NULL, NULL),
(336, 336, 'mie gelas', 6, 10, NULL, NULL),
(337, 337, 'baju', 1, 2, NULL, NULL),
(338, 338, 'celana', 15, 5, NULL, NULL),
(339, 339, 'gula', 1, 6, NULL, NULL),
(340, 340, 'toner', 12, 7, NULL, NULL),
(341, 341, 'topi', 12, 8, NULL, NULL),
(342, 342, 'sepatu', 10, 9, NULL, NULL),
(343, 343, 'jam', 12, 1, NULL, NULL),
(344, 344, 'mukena', 4, 2, NULL, NULL),
(345, 345, 'jilbab', 1, 3, NULL, NULL),
(346, 346, 'sandal ', 12, 3, NULL, NULL),
(347, 347, 'kacamata', 10, 2, NULL, NULL),
(348, 348, 'baju', 12, 1, NULL, NULL),
(349, 349, 'buku tulis', 4, 6, NULL, NULL),
(350, 350, 'gelang', 1, 7, NULL, NULL),
(351, 351, 'kalung', 6, 6, NULL, NULL),
(352, 352, 'baju', 1, 9, NULL, NULL),
(353, 353, 'sweater', 15, 8, NULL, NULL),
(354, 354, 'indomie goreng', 1, 8, NULL, NULL),
(355, 355, 'sapu', 12, 7, NULL, NULL),
(356, 356, 'taplak meja', 12, 6, NULL, NULL),
(357, 357, 'masker duckbil', 10, 5, NULL, NULL),
(358, 358, 'botol minum', 12, 1, NULL, NULL),
(359, 359, 'raket', 4, 2, NULL, NULL),
(360, 360, 'jaket', 1, 3, NULL, NULL),
(361, 361, 'headset', 12, 1, NULL, NULL),
(362, 362, 'bedak', 10, 21, NULL, NULL),
(363, 363, 'indomie goreng', 12, 22, NULL, NULL),
(364, 364, 'boneka', 4, 12, NULL, NULL),
(365, 365, 'susu', 1, 15, NULL, NULL),
(366, 366, 'mie gelas', 6, 17, NULL, NULL),
(367, 367, 'baju', 1, 18, NULL, NULL),
(368, 368, 'celana', 15, 20, NULL, NULL),
(369, 369, 'gula', 1, 21, NULL, NULL),
(370, 370, 'toner', 12, 22, NULL, NULL),
(371, 371, 'topi', 12, 21, NULL, NULL),
(372, 372, 'sepatu', 10, 10, NULL, NULL),
(373, 373, 'jam', 12, 12, NULL, NULL),
(374, 374, 'mukena', 4, 9, NULL, NULL),
(375, 375, 'jilbab', 1, 8, NULL, NULL),
(376, 376, 'sandal ', 12, 18, NULL, NULL),
(377, 377, 'kacamata', 10, 8, NULL, NULL),
(378, 378, 'pensil', 12, 7, NULL, NULL),
(379, 379, 'buku tulis', 4, 6, NULL, NULL),
(380, 380, 'gelang', 5, 5, NULL, NULL),
(381, 381, 'kalung', 5, 1, NULL, NULL),
(382, 382, 'handphone', 5, 2, NULL, NULL),
(383, 383, 'sweater', 2, 3, NULL, NULL),
(384, 384, 'topi', 12, 2, NULL, NULL),
(385, 385, 'sepatu', 10, 3, NULL, NULL),
(386, 386, 'jam', 12, 3, NULL, NULL),
(387, 387, 'mie gelas', 4, 2, NULL, NULL),
(388, 388, 'jilbab', 1, 7, NULL, NULL),
(389, 389, 'sandal ', 12, 2, NULL, NULL),
(390, 390, 'kacamata', 10, 10, NULL, NULL),
(391, 391, 'pensil', 12, 3, NULL, NULL),
(392, 392, 'buku tulis', 4, 2, NULL, NULL),
(393, 393, 'mie gelas', 1, 7, NULL, NULL),
(394, 394, 'kalung', 6, 2, NULL, NULL),
(395, 395, 'mie gelas', 1, 3, NULL, NULL),
(396, 396, 'sweater', 15, 7, NULL, NULL),
(397, 397, 'kunciran', 1, 5, NULL, NULL),
(398, 398, 'baju', 12, 8, NULL, NULL),
(399, 399, 'taplak meja', 12, 7, NULL, NULL),
(400, 400, 'masker duckbil', 10, 1, NULL, NULL);

-- --------------------------------------------------------

--
-- Table structure for table `barang_dim`
--

CREATE TABLE `barang_dim` (
  `sk_barang` int(11) DEFAULT NULL,
  `id` bigint(20) DEFAULT NULL,
  `nama` varchar(255) DEFAULT NULL,
  `pesanan_id` bigint(20) DEFAULT NULL,
  `jenis_pesanan` varchar(255) DEFAULT NULL
) ENGINE=InnoDB DEFAULT CHARSET=utf8mb4;

--
-- Dumping data for table `barang_dim`
--

INSERT INTO `barang_dim` (`sk_barang`, `id`, `nama`, `pesanan_id`, `jenis_pesanan`) VALUES
(1, 1, 'bedak', 1, 'bedak'),
(2, 2, 'indomie goreng', 2, 'indomie goreng'),
(3, 3, 'indomie goreng', 3, 'indomie goreng'),
(4, 4, 'susu', 4, 'susu'),
(5, 5, 'mie gelas', 5, 'mie gelas'),
(6, 6, 'baju', 6, 'baju'),
(7, 7, 'celana', 7, 'celana'),
(8, 8, 'indomie goreng', 8, 'indomie goreng'),
(9, 9, 'toner', 9, 'toner'),
(10, 10, 'topi', 10, 'topi'),
(11, 11, 'mie gelas', 11, 'mie gelas'),
(12, 12, 'jam', 12, 'jam'),
(13, 13, 'mukena', 13, 'mukena'),
(14, 14, 'indomie goreng', 14, 'indomie goreng'),
(15, 15, 'sandal', 15, 'sandal '),
(16, 16, 'indomie goreng', 16, 'indomie goreng'),
(17, 17, 'baju', 17, 'baju'),
(18, 18, 'buku tulis', 18, 'buku tulis'),
(19, 19, 'gelang', 19, 'gelang'),
(20, 20, 'kalung', 20, 'kalung'),
(21, 21, 'handphone', 21, 'handphone'),
(22, 22, 'indomie goreng', 22, 'indomie goreng'),
(23, 23, 'indomie goreng', 23, 'indomie goreng'),
(24, 24, 'baju', 24, 'baju'),
(25, 25, 'indomie goreng', 25, 'indomie goreng'),
(26, 26, 'indomie goreng', 26, 'indomie goreng'),
(27, 27, 'botol minum', 27, 'botol minum'),
(28, 28, 'mie gelas', 28, 'mie gelas'),
(29, 29, 'jaket', 29, 'jaket'),
(30, 30, 'indomie goreng', 30, 'indomie goreng'),
(31, 31, 'bedak', 31, 'bedak'),
(32, 32, 'indomie goreng', 32, 'indomie goreng'),
(33, 33, 'boneka', 33, 'boneka'),
(34, 34, 'susu', 34, 'susu'),
(35, 35, 'mie gelas', 35, 'mie gelas'),
(36, 36, 'baju', 36, 'baju'),
(37, 37, 'celana', 37, 'celana'),
(38, 38, 'gula', 38, 'gula'),
(39, 39, 'baju', 39, 'baju'),
(40, 40, 'baju', 40, 'baju'),
(41, 41, 'mie gelas', 41, 'mie gelas'),
(42, 42, 'jam', 42, 'jam'),
(43, 43, 'mukena', 43, 'mukena'),
(44, 44, 'jilbab', 44, 'jilbab'),
(45, 45, 'sandal', 45, 'sandal '),
(46, 46, 'mie gelas', 46, 'mie gelas'),
(47, 47, 'pensil', 47, 'pensil'),
(48, 48, 'indomie goreng', 48, 'indomie goreng'),
(49, 49, 'gelang', 49, 'gelang'),
(50, 50, 'kalung', 50, 'kalung'),
(51, 51, 'handphone', 51, 'handphone'),
(52, 52, 'mie gelas', 52, 'mie gelas'),
(53, 53, 'indomie goreng', 53, 'indomie goreng'),
(54, 54, 'baju', 54, 'baju'),
(55, 55, 'indomie goreng', 55, 'indomie goreng'),
(56, 56, 'masker duckbil', 56, 'masker duckbil'),
(57, 57, 'botol minum', 57, 'botol minum'),
(58, 58, 'mie gelas', 58, 'mie gelas'),
(59, 59, 'indomie goreng', 59, 'indomie goreng'),
(60, 60, 'indomie goreng', 60, 'indomie goreng'),
(61, 61, 'bedak', 61, 'bedak'),
(62, 62, 'indomie goreng', 62, 'indomie goreng'),
(63, 63, 'boneka', 63, 'boneka'),
(64, 64, 'susu', 64, 'susu'),
(65, 65, 'mie gelas', 65, 'mie gelas'),
(66, 66, 'baju', 66, 'baju'),
(67, 67, 'celana', 67, 'celana'),
(68, 68, 'gula', 68, 'gula'),
(69, 69, 'toner', 69, 'toner'),
(70, 70, 'topi', 70, 'topi'),
(71, 71, 'sepatu', 71, 'sepatu'),
(72, 72, 'mie gelas', 72, 'mie gelas'),
(73, 73, 'mie gelas', 73, 'mie gelas'),
(74, 74, 'jilbab', 74, 'jilbab'),
(75, 75, 'sandal', 75, 'sandal '),
(76, 76, 'indomie goreng', 76, 'indomie goreng'),
(77, 77, 'pensil', 77, 'pensil'),
(78, 78, 'indomie goreng', 78, 'indomie goreng'),
(79, 79, 'indomie goreng', 79, 'indomie goreng'),
(80, 80, 'kalung', 80, 'kalung'),
(81, 81, 'handphone', 81, 'handphone'),
(82, 82, 'sweater', 82, 'sweater'),
(83, 83, 'indomie goreng', 83, 'indomie goreng'),
(84, 84, 'sapu', 84, 'sapu'),
(85, 85, 'taplak meja', 85, 'taplak meja'),
(86, 86, 'mie gelas', 86, 'mie gelas'),
(87, 87, 'botol minum', 87, 'botol minum'),
(88, 88, 'mie gelas', 88, 'mie gelas'),
(89, 89, 'indomie goreng', 89, 'indomie goreng'),
(90, 90, 'indomie goreng', 90, 'indomie goreng'),
(91, 91, 'bedak', 91, 'bedak'),
(92, 92, 'indomie goreng', 92, 'indomie goreng'),
(93, 93, 'boneka', 93, 'boneka'),
(94, 94, 'susu', 94, 'susu'),
(95, 95, 'mie gelas', 95, 'mie gelas'),
(96, 96, 'baju', 96, 'baju'),
(97, 97, 'mie gelas', 97, 'mie gelas'),
(98, 98, 'mie gelas', 98, 'mie gelas'),
(99, 99, 'baju', 99, 'baju'),
(100, 100, 'topi', 100, 'topi'),
(101, 101, 'sepatu', 101, 'sepatu'),
(102, 102, 'jam', 102, 'jam'),
(103, 103, 'mie gelas', 103, 'mie gelas'),
(104, 104, 'jilbab', 104, 'jilbab'),
(105, 105, 'sandal', 105, 'sandal '),
(106, 106, 'kacamata', 106, 'kacamata'),
(107, 107, 'pensil', 107, 'pensil'),
(108, 108, 'buku tulis', 108, 'buku tulis'),
(109, 109, 'mie gelas', 109, 'mie gelas'),
(110, 110, 'kalung', 110, 'kalung'),
(111, 111, 'mie gelas', 111, 'mie gelas'),
(112, 112, 'sweater', 112, 'sweater'),
(113, 113, 'kunciran', 113, 'kunciran'),
(114, 114, 'baju', 114, 'baju'),
(115, 115, 'taplak meja', 115, 'taplak meja'),
(116, 116, 'masker duckbil', 116, 'masker duckbil'),
(117, 117, 'botol minum', 117, 'botol minum'),
(118, 118, 'mie gelas', 118, 'mie gelas'),
(119, 119, 'indomie goreng', 119, 'indomie goreng'),
(120, 120, 'indomie goreng', 120, 'indomie goreng'),
(121, 121, 'bedak', 121, 'bedak'),
(122, 122, 'indomie goreng', 122, 'indomie goreng'),
(123, 123, 'boneka', 123, 'boneka'),
(124, 124, 'susu', 124, 'susu'),
(125, 125, 'mie gelas', 125, 'mie gelas'),
(126, 126, 'baju', 126, 'baju'),
(127, 127, 'celana', 127, 'celana'),
(128, 128, 'gula', 128, 'gula'),
(129, 129, 'toner', 129, 'toner'),
(130, 130, 'topi', 130, 'topi'),
(131, 131, 'sepatu', 131, 'sepatu'),
(132, 132, 'jam', 132, 'jam'),
(133, 133, 'mukena', 133, 'mukena'),
(134, 134, 'jilbab', 134, 'jilbab'),
(135, 135, 'sandal', 135, 'sandal '),
(136, 136, 'kacamata', 136, 'kacamata'),
(137, 137, 'baju', 137, 'baju'),
(138, 138, 'buku tulis', 138, 'buku tulis'),
(139, 139, 'gelang', 139, 'gelang'),
(140, 140, 'kalung', 140, 'kalung'),
(141, 141, 'baju', 141, 'baju'),
(142, 142, 'sweater', 142, 'sweater'),
(143, 143, 'kunciran', 143, 'kunciran'),
(144, 144, 'sapu', 144, 'sapu'),
(145, 145, 'taplak meja', 145, 'taplak meja'),
(146, 146, 'masker duckbil', 146, 'masker duckbil'),
(147, 147, 'botol minum', 147, 'botol minum'),
(148, 148, 'raket', 148, 'raket'),
(149, 149, 'jaket', 149, 'jaket'),
(150, 150, 'headset', 150, 'headset'),
(151, 151, 'bedak', 151, 'bedak'),
(152, 152, 'indomie goreng', 152, 'indomie goreng'),
(153, 153, 'boneka', 153, 'boneka'),
(154, 154, 'susu', 154, 'susu'),
(155, 155, 'mie gelas', 155, 'mie gelas'),
(156, 156, 'baju', 156, 'baju'),
(157, 157, 'celana', 157, 'celana'),
(158, 158, 'gula', 158, 'gula'),
(159, 159, 'toner', 159, 'toner'),
(160, 160, 'topi', 160, 'topi'),
(161, 161, 'sepatu', 161, 'sepatu'),
(162, 162, 'jam', 162, 'jam'),
(163, 163, 'mukena', 163, 'mukena'),
(164, 164, 'jilbab', 164, 'jilbab'),
(165, 165, 'sandal', 165, 'sandal '),
(166, 166, 'kacamata', 166, 'kacamata'),
(167, 167, 'baju', 167, 'baju'),
(168, 168, 'buku tulis', 168, 'buku tulis'),
(169, 169, 'gelang', 169, 'gelang'),
(170, 170, 'kalung', 170, 'kalung'),
(171, 171, 'baju', 171, 'baju'),
(172, 172, 'sweater', 172, 'sweater'),
(173, 173, 'indomie goreng', 173, 'indomie goreng'),
(174, 174, 'sapu', 174, 'sapu'),
(175, 175, 'taplak meja', 175, 'taplak meja'),
(176, 176, 'masker duckbil', 176, 'masker duckbil'),
(177, 177, 'botol minum', 177, 'botol minum'),
(178, 178, 'raket', 178, 'raket'),
(179, 179, 'jaket', 179, 'jaket'),
(180, 180, 'headset', 180, 'headset'),
(181, 181, 'bedak', 181, 'bedak'),
(182, 182, 'indomie goreng', 182, 'indomie goreng'),
(183, 183, 'boneka', 183, 'boneka'),
(184, 184, 'susu', 184, 'susu'),
(185, 185, 'mie gelas', 185, 'mie gelas'),
(186, 186, 'baju', 186, 'baju'),
(187, 187, 'celana', 187, 'celana'),
(188, 188, 'gula', 188, 'gula'),
(189, 189, 'toner', 189, 'toner'),
(190, 190, 'topi', 190, 'topi'),
(191, 191, 'sepatu', 191, 'sepatu'),
(192, 192, 'jam', 192, 'jam'),
(193, 193, 'mukena', 193, 'mukena'),
(194, 194, 'jilbab', 194, 'jilbab'),
(195, 195, 'sandal', 195, 'sandal '),
(196, 196, 'kacamata', 196, 'kacamata'),
(197, 197, 'pensil', 197, 'pensil'),
(198, 198, 'buku tulis', 198, 'buku tulis'),
(199, 199, 'gelang', 199, 'gelang'),
(200, 200, 'kalung', 200, 'kalung'),
(201, 201, 'handphone', 201, 'handphone'),
(202, 202, 'sweater', 202, 'sweater'),
(203, 203, 'indomie goreng', 203, 'indomie goreng'),
(204, 204, 'sandal ', 204, 'sandal '),
(205, 205, 'indomie goreng', 205, 'indomie goreng'),
(206, 206, 'baju', 206, 'baju'),
(207, 207, 'buku tulis', 207, 'buku tulis'),
(208, 208, 'gelang', 208, 'gelang'),
(209, 209, 'kalung', 209, 'kalung'),
(210, 210, 'handphone', 210, 'handphone'),
(211, 211, 'indomie goreng', 211, 'indomie goreng'),
(212, 212, 'indomie goreng', 212, 'indomie goreng'),
(213, 213, 'baju', 213, 'baju'),
(214, 214, 'indomie goreng', 214, 'indomie goreng'),
(215, 215, 'indomie goreng', 215, 'indomie goreng'),
(216, 216, 'botol minum', 216, 'botol minum'),
(217, 217, 'mie gelas', 217, 'mie gelas'),
(218, 218, 'jaket', 218, 'jaket'),
(219, 219, 'indomie goreng', 219, 'indomie goreng'),
(220, 220, 'bedak', 220, 'bedak'),
(221, 221, 'indomie goreng', 221, 'indomie goreng'),
(222, 222, 'boneka', 222, 'boneka'),
(223, 223, 'susu', 223, 'susu'),
(224, 224, 'mie gelas', 224, 'mie gelas'),
(225, 225, 'baju', 225, 'baju'),
(226, 226, 'celana', 226, 'celana'),
(227, 227, 'gula', 227, 'gula'),
(228, 228, 'baju', 228, 'baju'),
(229, 229, 'baju', 229, 'baju'),
(230, 230, 'mie gelas', 230, 'mie gelas'),
(231, 231, 'jam', 231, 'jam'),
(232, 232, 'mukena', 232, 'mukena'),
(233, 233, 'jilbab', 233, 'jilbab'),
(234, 234, 'sandal ', 234, 'sandal '),
(235, 235, 'mie gelas', 235, 'mie gelas'),
(236, 236, 'pensil', 236, 'pensil'),
(237, 237, 'indomie goreng', 237, 'indomie goreng'),
(238, 238, 'gelang', 238, 'gelang'),
(239, 239, 'kalung', 239, 'kalung'),
(240, 240, 'handphone', 240, 'handphone'),
(241, 241, 'mie gelas', 241, 'mie gelas'),
(242, 242, 'indomie goreng', 242, 'indomie goreng'),
(243, 243, 'baju', 243, 'baju'),
(244, 244, 'indomie goreng', 244, 'indomie goreng'),
(245, 245, 'masker duckbil', 245, 'masker duckbil'),
(246, 246, 'botol minum', 246, 'botol minum'),
(247, 247, 'mie gelas', 247, 'mie gelas'),
(248, 248, 'indomie goreng', 248, 'indomie goreng'),
(249, 249, 'indomie goreng', 249, 'indomie goreng'),
(250, 250, 'bedak', 250, 'bedak'),
(251, 251, 'indomie goreng', 251, 'indomie goreng'),
(252, 252, 'boneka', 252, 'boneka'),
(253, 253, 'susu', 253, 'susu'),
(254, 254, 'mie gelas', 254, 'mie gelas'),
(255, 255, 'baju', 255, 'baju'),
(256, 256, 'celana', 256, 'celana'),
(257, 257, 'gula', 257, 'gula'),
(258, 258, 'toner', 258, 'toner'),
(259, 259, 'topi', 259, 'topi'),
(260, 260, 'sepatu', 260, 'sepatu'),
(261, 261, 'mie gelas', 261, 'mie gelas'),
(262, 262, 'mie gelas', 262, 'mie gelas'),
(263, 263, 'jilbab', 263, 'jilbab'),
(264, 264, 'sandal ', 264, 'sandal '),
(265, 265, 'indomie goreng', 265, 'indomie goreng'),
(266, 266, 'pensil', 266, 'pensil'),
(267, 267, 'indomie goreng', 267, 'indomie goreng'),
(268, 268, 'indomie goreng', 268, 'indomie goreng'),
(269, 269, 'kalung', 269, 'kalung'),
(270, 270, 'handphone', 270, 'handphone'),
(271, 271, 'sweater', 271, 'sweater'),
(272, 272, 'indomie goreng', 272, 'indomie goreng'),
(273, 273, 'sapu', 273, 'sapu'),
(274, 274, 'taplak meja', 274, 'taplak meja'),
(275, 275, 'mie gelas', 275, 'mie gelas'),
(276, 276, 'botol minum', 276, 'botol minum'),
(277, 277, 'mie gelas', 277, 'mie gelas'),
(278, 278, 'indomie goreng', 278, 'indomie goreng'),
(279, 279, 'indomie goreng', 279, 'indomie goreng'),
(280, 280, 'bedak', 280, 'bedak'),
(281, 281, 'indomie goreng', 281, 'indomie goreng'),
(282, 282, 'boneka', 282, 'boneka'),
(283, 283, 'susu', 283, 'susu'),
(284, 284, 'mie gelas', 284, 'mie gelas'),
(285, 285, 'baju', 285, 'baju'),
(286, 286, 'mie gelas', 286, 'mie gelas'),
(287, 287, 'mie gelas', 287, 'mie gelas'),
(288, 288, 'baju', 288, 'baju'),
(289, 289, 'topi', 289, 'topi'),
(290, 290, 'sepatu', 290, 'sepatu'),
(291, 291, 'jam', 291, 'jam'),
(292, 292, 'mie gelas', 292, 'mie gelas'),
(293, 293, 'jilbab', 293, 'jilbab'),
(294, 294, 'sandal ', 294, 'sandal '),
(295, 295, 'kacamata', 295, 'kacamata'),
(296, 296, 'pensil', 296, 'pensil'),
(297, 297, 'buku tulis', 297, 'buku tulis'),
(298, 298, 'mie gelas', 298, 'mie gelas'),
(299, 299, 'kalung', 299, 'kalung'),
(300, 300, 'mie gelas', 300, 'mie gelas'),
(301, 301, 'sweater', 301, 'sweater'),
(302, 302, 'kunciran', 302, 'kunciran'),
(303, 303, 'baju', 303, 'baju'),
(304, 304, 'bedak', 304, 'bedak'),
(305, 305, 'indomie goreng', 305, 'indomie goreng'),
(306, 306, 'indomie goreng', 306, 'indomie goreng'),
(307, 307, 'susu', 307, 'susu'),
(308, 308, 'mie gelas', 308, 'mie gelas'),
(309, 309, 'baju', 309, 'baju'),
(310, 310, 'celana', 310, 'celana'),
(311, 311, 'indomie goreng', 311, 'indomie goreng'),
(312, 312, 'toner', 312, 'toner'),
(313, 313, 'topi', 313, 'topi'),
(314, 314, 'mie gelas', 314, 'mie gelas'),
(315, 315, 'jam', 315, 'jam'),
(316, 316, 'mukena', 316, 'mukena'),
(317, 317, 'indomie goreng', 317, 'indomie goreng'),
(318, 318, 'sandal ', 318, 'sandal '),
(319, 319, 'indomie goreng', 319, 'indomie goreng'),
(320, 320, 'baju', 320, 'baju'),
(321, 321, 'buku tulis', 321, 'buku tulis'),
(322, 322, 'gelang', 322, 'gelang'),
(323, 323, 'kalung', 323, 'kalung'),
(324, 324, 'handphone', 324, 'handphone'),
(325, 325, 'indomie goreng', 325, 'indomie goreng'),
(326, 326, 'indomie goreng', 326, 'indomie goreng'),
(327, 327, 'baju', 327, 'baju'),
(328, 328, 'indomie goreng', 328, 'indomie goreng'),
(329, 329, 'indomie goreng', 329, 'indomie goreng'),
(330, 330, 'botol minum', 330, 'botol minum'),
(331, 331, 'mie gelas', 331, 'mie gelas'),
(332, 332, 'bedak', 332, 'bedak'),
(333, 333, 'indomie goreng', 333, 'indomie goreng'),
(334, 334, 'boneka', 334, 'boneka'),
(335, 335, 'susu', 335, 'susu'),
(336, 336, 'mie gelas', 336, 'mie gelas'),
(337, 337, 'baju', 337, 'baju'),
(338, 338, 'celana', 338, 'celana'),
(339, 339, 'gula', 339, 'gula'),
(340, 340, 'toner', 340, 'toner'),
(341, 341, 'topi', 341, 'topi'),
(342, 342, 'sepatu', 342, 'sepatu'),
(343, 343, 'jam', 343, 'jam'),
(344, 344, 'mukena', 344, 'mukena'),
(345, 345, 'jilbab', 345, 'jilbab'),
(346, 346, 'sandal ', 346, 'sandal '),
(347, 347, 'kacamata', 347, 'kacamata'),
(348, 348, 'baju', 348, 'baju'),
(349, 349, 'buku tulis', 349, 'buku tulis'),
(350, 350, 'gelang', 350, 'gelang'),
(351, 351, 'kalung', 351, 'kalung'),
(352, 352, 'baju', 352, 'baju'),
(353, 353, 'sweater', 353, 'sweater'),
(354, 354, 'indomie goreng', 354, 'indomie goreng'),
(355, 355, 'sapu', 355, 'sapu'),
(356, 356, 'taplak meja', 356, 'taplak meja'),
(357, 357, 'masker duckbil', 357, 'masker duckbil'),
(358, 358, 'botol minum', 358, 'botol minum'),
(359, 359, 'raket', 359, 'raket'),
(360, 360, 'jaket', 360, 'jaket'),
(361, 361, 'headset', 361, 'headset'),
(362, 362, 'bedak', 362, 'bedak'),
(363, 363, 'indomie goreng', 363, 'indomie goreng'),
(364, 364, 'boneka', 364, 'boneka'),
(365, 365, 'susu', 365, 'susu'),
(366, 366, 'mie gelas', 366, 'mie gelas'),
(367, 367, 'baju', 367, 'baju'),
(368, 368, 'celana', 368, 'celana'),
(369, 369, 'gula', 369, 'gula'),
(370, 370, 'toner', 370, 'toner'),
(371, 371, 'topi', 371, 'topi'),
(372, 372, 'sepatu', 372, 'sepatu'),
(373, 373, 'jam', 373, 'jam'),
(374, 374, 'mukena', 374, 'mukena'),
(375, 375, 'jilbab', 375, 'jilbab'),
(376, 376, 'sandal ', 376, 'sandal '),
(377, 377, 'kacamata', 377, 'kacamata'),
(378, 378, 'pensil', 378, 'pensil'),
(379, 379, 'buku tulis', 379, 'buku tulis'),
(380, 380, 'gelang', 380, 'gelang'),
(381, 381, 'kalung', 381, 'kalung'),
(382, 382, 'handphone', 382, 'handphone'),
(383, 383, 'sweater', 383, 'sweater'),
(384, 384, 'topi', 384, 'topi'),
(385, 385, 'sepatu', 385, 'sepatu'),
(386, 386, 'jam', 386, 'jam'),
(387, 387, 'mie gelas', 387, 'mie gelas'),
(388, 388, 'jilbab', 388, 'jilbab'),
(389, 389, 'sandal ', 389, 'sandal '),
(390, 390, 'kacamata', 390, 'kacamata'),
(391, 391, 'pensil', 391, 'pensil'),
(392, 392, 'buku tulis', 392, 'buku tulis'),
(393, 393, 'mie gelas', 393, 'mie gelas'),
(394, 394, 'kalung', 394, 'kalung'),
(395, 395, 'mie gelas', 395, 'mie gelas'),
(396, 396, 'sweater', 396, 'sweater'),
(397, 397, 'kunciran', 397, 'kunciran'),
(398, 398, 'baju', 398, 'baju'),
(399, 399, 'taplak meja', 399, 'taplak meja'),
(400, 400, 'masker duckbil', 400, 'masker duckbil');

-- --------------------------------------------------------

--
-- Table structure for table `fact_pengiriman`
--

CREATE TABLE `fact_pengiriman` (
  `sk_user` int(11) DEFAULT NULL,
  `sk_barang` int(11) DEFAULT NULL,
  `sk_waktu` bigint(20) DEFAULT NULL,
  `sk_kota` int(11) DEFAULT NULL,
  `jumlah` int(11) DEFAULT NULL
) ENGINE=InnoDB DEFAULT CHARSET=utf8mb4;

--
-- Dumping data for table `fact_pengiriman`
--

INSERT INTO `fact_pengiriman` (`sk_user`, `sk_barang`, `sk_waktu`, `sk_kota`, `jumlah`) VALUES
(1, 1, 20200913, 1, 6),
(2, 2, 20200914, 2, 10),
(3, 3, 20200915, 3, 15),
(4, 4, 20200916, 4, 1),
(5, 5, 20200917, 5, 12),
(6, 6, 20200918, 6, 12),
(7, 7, 20200919, 7, 10),
(8, 8, 20200920, 8, 12),
(9, 9, 20200921, 9, 4),
(10, 10, 20200922, 10, 1),
(11, 11, 20200923, 11, 5),
(12, 12, 20200924, 12, 2),
(13, 13, 20200925, 13, 4),
(14, 14, 20200926, 14, 15),
(15, 15, 20200927, 15, 1),
(16, 16, 20200928, 16, 12),
(17, 17, 20200929, 17, 13),
(18, 18, 20200930, 18, 1),
(19, 19, 20201001, 19, 1),
(20, 20, 20201002, 20, 2),
(21, 21, 20201003, 21, 4),
(22, 22, 20201004, 22, 28),
(23, 23, 20201005, 23, 15),
(24, 24, 20201006, 24, 12),
(25, 25, 20201007, 25, 9),
(26, 26, 20201008, 26, 10),
(27, 27, 20201009, 27, 1),
(28, 28, 20201010, 28, 7),
(29, 29, 20201011, 29, 4),
(30, 30, 20201012, 30, 22),
(31, 31, 20201013, 31, 10),
(32, 32, 20201014, 32, 8),
(33, 33, 20201015, 33, 1),
(34, 34, 20201016, 34, 25),
(35, 35, 20201017, 35, 8),
(36, 36, 20201018, 36, 10),
(37, 37, 20201019, 37, 5),
(38, 38, 20201020, 38, 6),
(39, 39, 20201021, 39, 9),
(40, 40, 20201022, 40, 8),
(41, 41, 20201023, 41, 8),
(42, 42, 20201024, 42, 12),
(43, 43, 20201025, 43, 12),
(44, 44, 20201026, 44, 10),
(45, 45, 20201027, 45, 12),
(46, 46, 20201028, 46, 5),
(47, 47, 20201029, 47, 1),
(48, 48, 20201030, 48, 6),
(49, 49, 20201031, 49, 1),
(50, 50, 20201101, 50, 15),
(51, 51, 20201102, 51, 1),
(52, 52, 20201103, 52, 9),
(53, 53, 20201104, 53, 12),
(54, 54, 20201105, 54, 10),
(55, 55, 20201106, 55, 12),
(56, 56, 20201107, 56, 4),
(57, 57, 20201108, 57, 1),
(58, 58, 20201109, 58, 11),
(59, 59, 20201110, 59, 1),
(60, 60, 20201111, 60, 15),
(61, 61, 20201112, 61, 1),
(62, 62, 20201113, 62, 12),
(63, 63, 20201114, 63, 12),
(64, 64, 20201115, 64, 10),
(65, 65, 20201116, 65, 10),
(66, 66, 20201117, 66, 9),
(67, 67, 20201118, 67, 1),
(68, 68, 20201119, 68, 1),
(69, 69, 20201120, 69, 1),
(70, 70, 20201121, 70, 2),
(71, 71, 20201122, 71, 4),
(72, 72, 20201123, 72, 5),
(73, 73, 20201124, 73, 5),
(74, 74, 20201125, 74, 2),
(75, 75, 20201126, 75, 4),
(76, 76, 20201127, 76, 13),
(77, 77, 20201128, 77, 1),
(78, 78, 20201129, 78, 10),
(79, 79, 20201130, 79, 10),
(80, 80, 20201201, 80, 1),
(81, 81, 20201202, 81, 1),
(82, 82, 20201203, 82, 2),
(83, 83, 20201204, 83, 15),
(84, 84, 20201205, 84, 15),
(85, 85, 20201206, 85, 5),
(86, 86, 20201207, 86, 6),
(87, 87, 20201208, 87, 7),
(88, 88, 20201209, 88, 20),
(89, 89, 20201210, 89, 8),
(90, 90, 20201211, 90, 12),
(91, 91, 20201212, 91, 10),
(92, 92, 20201213, 92, 12),
(93, 93, 20201214, 93, 4),
(94, 94, 20201215, 94, 1),
(95, 95, 20201216, 95, 6),
(96, 96, 20201217, 96, 1),
(97, 97, 20201218, 97, 15),
(98, 98, 20201219, 98, 1),
(99, 99, 20201220, 99, 12),
(100, 100, 20201221, 100, 12),
(101, 101, 20201222, 101, 10),
(102, 102, 20201223, 102, 12),
(103, 103, 20201224, 103, 4),
(104, 104, 20201225, 104, 1),
(105, 105, 20201226, 105, 12),
(106, 106, 20201227, 106, 10),
(107, 107, 20201228, 107, 12),
(108, 108, 20201229, 108, 4),
(109, 109, 20201230, 109, 1),
(110, 110, 20201231, 110, 6),
(111, 111, 20210101, 111, 1),
(112, 112, 20210102, 112, 15),
(113, 113, 20210103, 113, 1),
(114, 114, 20210104, 114, 12),
(115, 115, 20210105, 115, 12),
(116, 116, 20210106, 116, 10),
(117, 117, 20210107, 117, 12),
(118, 118, 20210108, 118, 4),
(119, 119, 20210109, 119, 1),
(120, 120, 20210110, 120, 12),
(121, 121, 20210111, 121, 10),
(122, 122, 20210112, 122, 12),
(123, 123, 20210113, 123, 4),
(124, 124, 20210114, 124, 1),
(125, 125, 20210115, 125, 6),
(126, 126, 20210116, 126, 1),
(127, 127, 20210117, 127, 15),
(128, 128, 20210118, 128, 1),
(129, 129, 20210119, 129, 12),
(130, 130, 20210120, 130, 12),
(131, 131, 20210121, 131, 10),
(132, 132, 20210122, 132, 12),
(133, 133, 20210123, 133, 4),
(134, 134, 20210124, 134, 1),
(135, 135, 20210125, 135, 12),
(136, 136, 20210126, 136, 10),
(137, 137, 20210127, 137, 12),
(138, 138, 20210128, 138, 4),
(139, 139, 20210129, 139, 1),
(140, 140, 20210130, 140, 6),
(141, 141, 20210131, 141, 1),
(142, 142, 20210201, 142, 15),
(143, 143, 20210202, 143, 1),
(144, 144, 20210203, 144, 12),
(145, 145, 20210204, 145, 12),
(146, 146, 20210205, 146, 10),
(147, 147, 20210206, 147, 12),
(148, 148, 20210207, 148, 4),
(149, 149, 20210208, 149, 1),
(150, 150, 20210209, 150, 12),
(151, 151, 20210210, 151, 10),
(152, 152, 20210211, 152, 12),
(153, 153, 20210212, 153, 4),
(154, 154, 20210213, 154, 1),
(155, 155, 20210214, 155, 6),
(156, 156, 20210215, 156, 1),
(157, 157, 20210216, 157, 15),
(158, 158, 20210217, 158, 1),
(159, 159, 20210218, 159, 12),
(160, 160, 20210219, 160, 12),
(161, 161, 20210220, 161, 10),
(162, 162, 20210221, 162, 12),
(163, 163, 20210222, 163, 4),
(164, 164, 20210223, 164, 1),
(165, 165, 20210224, 165, 12),
(166, 166, 20210225, 166, 10),
(167, 167, 20210226, 167, 12),
(168, 168, 20210227, 168, 4),
(169, 169, 20210228, 169, 1),
(170, 170, 20210301, 170, 6),
(171, 171, 20210302, 171, 1),
(172, 172, 20210303, 172, 15),
(173, 173, 20210304, 173, 1),
(174, 174, 20210305, 174, 12),
(175, 175, 20210306, 175, 12),
(176, 176, 20210307, 176, 10),
(177, 177, 20210308, 177, 12),
(178, 178, 20210309, 178, 4),
(179, 179, 20210310, 179, 1),
(180, 180, 20210311, 180, 12),
(181, 181, 20210312, 181, 10),
(182, 182, 20210313, 182, 12),
(183, 183, 20210314, 183, 4),
(184, 184, 20210315, 184, 1),
(185, 185, 20210316, 185, 6),
(186, 186, 20210317, 186, 1),
(187, 187, 20210318, 187, 15),
(188, 188, 20210319, 188, 1),
(189, 189, 20210320, 189, 12),
(190, 190, 20210321, 190, 12),
(191, 191, 20210322, 191, 10),
(192, 192, 20210323, 192, 12),
(193, 193, 20210324, 193, 4),
(194, 194, 20210325, 194, 1),
(195, 195, 20210326, 195, 12),
(196, 196, 20210327, 196, 10),
(197, 197, 20210328, 197, 12),
(198, 198, 20210329, 198, 4),
(199, 199, 20210330, 199, 5),
(200, 200, 20210331, 200, 5),
(201, 201, 20210401, 201, 5),
(202, 202, 20210402, 202, 2),
(203, 203, 20210403, 203, 15),
(204, 204, 20210404, 204, 1),
(205, 205, 20210405, 205, 12),
(206, 206, 20210406, 206, 13),
(207, 207, 20210407, 207, 1),
(208, 208, 20210408, 208, 1),
(209, 209, 20210409, 209, 2),
(210, 210, 20210410, 210, 4),
(211, 211, 20210411, 211, 28),
(212, 212, 20210412, 212, 15),
(213, 213, 20210413, 213, 12),
(214, 214, 20210414, 214, 9),
(215, 215, 20210415, 215, 10),
(216, 216, 20210416, 216, 1),
(217, 217, 20210417, 217, 7),
(218, 218, 20210418, 218, 4),
(219, 219, 20210419, 219, 22),
(220, 220, 20210420, 220, 10),
(221, 221, 20210421, 221, 8),
(222, 222, 20210422, 222, 1),
(223, 223, 20210423, 223, 25),
(224, 224, 20210424, 224, 8),
(225, 225, 20210425, 225, 10),
(226, 226, 20210426, 226, 5),
(227, 227, 20210427, 227, 6),
(228, 228, 20210428, 228, 9),
(229, 229, 20210429, 229, 8),
(230, 230, 20210430, 230, 8),
(231, 231, 20210501, 231, 12),
(232, 232, 20210502, 232, 12),
(233, 233, 20210503, 233, 10),
(234, 234, 20210504, 234, 12),
(235, 235, 20210505, 235, 5),
(236, 236, 20210506, 236, 1),
(237, 237, 20210507, 237, 6),
(238, 238, 20210508, 238, 1),
(239, 239, 20210509, 239, 15),
(240, 240, 20210510, 240, 1),
(241, 241, 20210511, 241, 9),
(242, 242, 20210512, 242, 12),
(243, 243, 20210513, 243, 10),
(244, 244, 20210514, 244, 12),
(245, 245, 20210515, 245, 4),
(246, 246, 20210516, 246, 1),
(247, 247, 20210517, 247, 11),
(248, 248, 20210518, 248, 1),
(249, 249, 20210519, 249, 15),
(250, 250, 20210520, 250, 1),
(251, 251, 20210521, 251, 12),
(252, 252, 20210522, 252, 12),
(253, 253, 20210523, 253, 10),
(254, 254, 20210524, 254, 10),
(255, 255, 20210525, 255, 9),
(256, 256, 20210526, 256, 1),
(257, 257, 20210527, 257, 1),
(258, 258, 20210528, 258, 1),
(259, 259, 20210529, 259, 2),
(260, 260, 20210530, 260, 4),
(261, 261, 20210531, 261, 5),
(262, 262, 20210601, 262, 5),
(263, 263, 20210602, 263, 2),
(264, 264, 20210603, 264, 4),
(265, 265, 20210604, 265, 13),
(266, 266, 20210605, 266, 1),
(267, 267, 20210606, 267, 10),
(268, 268, 20210607, 268, 10),
(269, 269, 20210608, 269, 1),
(270, 270, 20210609, 270, 1),
(271, 271, 20210610, 271, 2),
(272, 272, 20210611, 272, 15),
(273, 273, 20210612, 273, 15),
(274, 274, 20210613, 274, 5),
(275, 275, 20210614, 275, 6),
(276, 276, 20210615, 276, 7),
(277, 277, 20210616, 277, 20),
(278, 278, 20210617, 278, 8),
(279, 279, 20210618, 279, 12),
(280, 280, 20210619, 280, 10),
(281, 281, 20210620, 281, 12),
(282, 282, 20210621, 282, 4),
(283, 283, 20210622, 283, 1),
(284, 284, 20210623, 284, 6),
(285, 285, 20210624, 285, 1),
(286, 286, 20210625, 286, 15),
(287, 287, 20210626, 287, 1),
(288, 288, 20210627, 288, 12),
(289, 289, 20210628, 289, 12),
(290, 290, 20210629, 290, 10),
(291, 291, 20210630, 291, 12),
(292, 292, 20210701, 292, 4),
(293, 293, 20210702, 293, 1),
(294, 294, 20210703, 294, 12),
(295, 295, 20210704, 295, 10),
(296, 296, 20210705, 296, 12),
(297, 297, 20210706, 297, 4),
(298, 298, 20210707, 298, 1),
(299, 299, 20210708, 299, 6),
(300, 300, 20210709, 300, 1),
(301, 301, 20210710, 301, 15),
(302, 302, 20210711, 302, 1),
(303, 303, 20210712, 303, 12),
(304, 304, 20210713, 304, 6),
(305, 305, 20210714, 305, 10),
(306, 306, 20210715, 306, 15),
(307, 307, 20210716, 307, 1),
(308, 308, 20210717, 308, 12),
(309, 309, 20210718, 309, 12),
(310, 310, 20210719, 310, 10),
(311, 311, 20210720, 311, 12),
(312, 312, 20210721, 312, 4),
(313, 313, 20210722, 313, 1),
(314, 314, 20210723, 314, 5),
(315, 315, 20210724, 315, 2),
(316, 316, 20210725, 316, 4),
(317, 317, 20210726, 317, 15),
(318, 318, 20210727, 318, 1),
(319, 319, 20210728, 319, 12),
(320, 320, 20210729, 320, 13),
(321, 321, 20210730, 321, 1),
(322, 322, 20210731, 322, 1),
(323, 323, 20210801, 323, 2),
(324, 324, 20210802, 324, 4),
(325, 325, 20210803, 325, 28),
(326, 326, 20210804, 326, 15),
(327, 327, 20210805, 327, 12),
(328, 328, 20210806, 328, 9),
(329, 329, 20210807, 329, 10),
(330, 330, 20210808, 330, 1),
(331, 331, 20210809, 331, 7),
(332, 332, 20210810, 332, 10),
(333, 333, 20210811, 333, 12),
(334, 334, 20210812, 334, 4),
(335, 335, 20210813, 335, 1),
(336, 336, 20210814, 336, 6),
(337, 337, 20210815, 337, 1),
(338, 338, 20210816, 338, 15),
(339, 339, 20210817, 339, 1),
(340, 340, 20210818, 340, 12),
(341, 341, 20210819, 341, 12),
(342, 342, 20210820, 342, 10),
(343, 343, 20210821, 343, 12),
(344, 344, 20210822, 344, 4),
(345, 345, 20210823, 345, 1),
(346, 346, 20210824, 346, 12),
(347, 347, 20210825, 347, 10),
(348, 348, 20210826, 348, 12),
(349, 349, 20210827, 349, 4),
(350, 350, 20210828, 350, 1),
(351, 351, 20210829, 351, 6),
(352, 352, 20210830, 352, 1),
(353, 353, 20210831, 353, 15),
(354, 354, 20210901, 354, 1),
(355, 355, 20210902, 355, 12),
(356, 356, 20210903, 356, 12),
(357, 357, 20210904, 357, 10),
(358, 358, 20210905, 358, 12),
(359, 359, 20210906, 359, 4),
(360, 360, 20210907, 360, 1),
(361, 361, 20210908, 361, 12),
(362, 362, 20210909, 362, 10),
(363, 363, 20210910, 363, 12),
(364, 364, 20210911, 364, 4),
(365, 365, 20210912, 365, 1),
(366, 366, 20210913, 366, 6),
(367, 367, 20210914, 367, 1),
(368, 368, 20210915, 368, 15),
(369, 369, 20210916, 369, 1),
(370, 370, 20210917, 370, 12),
(371, 371, 20210918, 371, 12),
(372, 372, 20210919, 372, 10),
(373, 373, 20210920, 373, 12),
(374, 374, 20210921, 374, 4),
(375, 375, 20210922, 375, 1),
(376, 376, 20210923, 376, 12),
(377, 377, 20210924, 377, 10),
(378, 378, 20210925, 378, 12),
(379, 379, 20210926, 379, 4),
(380, 380, 20210927, 380, 5),
(381, 381, 20210928, 381, 5),
(382, 382, 20210929, 382, 5),
(383, 383, 20210930, 383, 2),
(384, 384, 20211001, 384, 12),
(385, 385, 20211002, 385, 10),
(386, 386, 20211003, 386, 12),
(387, 387, 20211004, 387, 4),
(388, 388, 20211005, 388, 1),
(389, 389, 20211006, 389, 12),
(390, 390, 20211007, 390, 10),
(391, 391, 20211008, 391, 12),
(392, 392, 20211009, 392, 4),
(393, 393, 20211010, 393, 1),
(394, 394, 20211011, 394, 6),
(395, 395, 20211012, 395, 1),
(396, 396, 20211013, 396, 15),
(397, 397, 20211014, 397, 1),
(398, 398, 20211015, 398, 12),
(399, 399, 20211016, 399, 12),
(400, 400, 20211017, 400, 10);

-- --------------------------------------------------------

--
-- Table structure for table `kota`
--

CREATE TABLE `kota` (
  `id` bigint(20) UNSIGNED NOT NULL,
  `nama` varchar(255) COLLATE utf8mb4_unicode_ci NOT NULL,
  `created_at` timestamp NULL DEFAULT NULL,
  `updated_at` timestamp NULL DEFAULT NULL
) ENGINE=InnoDB DEFAULT CHARSET=utf8mb4 COLLATE=utf8mb4_unicode_ci;

--
-- Dumping data for table `kota`
--

INSERT INTO `kota` (`id`, `nama`, `created_at`, `updated_at`) VALUES
(1, 'Aceh Barat', NULL, NULL),
(2, 'Aceh Barat Daya', NULL, NULL),
(3, 'Aceh Besar', NULL, NULL),
(4, 'Aceh Jaya', NULL, NULL),
(5, 'Aceh Selatan', NULL, NULL),
(6, 'Aceh Singkil', NULL, NULL),
(7, 'Aceh Tamiang', NULL, NULL),
(8, 'Aceh Tengah', NULL, NULL),
(9, 'Aceh Tenggara', NULL, NULL),
(10, 'Aceh Timur', NULL, NULL),
(11, 'Aceh Utara', NULL, NULL),
(12, 'Agam', NULL, NULL),
(13, 'Alor', NULL, NULL),
(14, 'Ambon', NULL, NULL),
(15, 'Asahan', NULL, NULL),
(16, 'Asmat', NULL, NULL),
(17, 'Badung', NULL, NULL),
(18, 'Balangan', NULL, NULL),
(19, 'Balikpapan', NULL, NULL),
(20, 'Banda Aceh', NULL, NULL),
(21, 'Bandar Lampung', NULL, NULL),
(22, 'Bandung', NULL, NULL),
(23, 'Bandung', NULL, NULL),
(24, 'Bandung Barat', NULL, NULL),
(25, 'Banggai', NULL, NULL),
(26, 'Banggai Kepulauan', NULL, NULL),
(27, 'Bangka', NULL, NULL),
(28, 'Bangka Barat', NULL, NULL),
(29, 'Bangka Selatan', NULL, NULL),
(30, 'Bangka Tengah', NULL, NULL),
(31, 'Bangkalan', NULL, NULL),
(32, 'Bangli', NULL, NULL),
(33, 'Banjar', NULL, NULL),
(34, 'Banjar', NULL, NULL),
(35, 'Banjarbaru', NULL, NULL),
(36, 'Banjarmasin', NULL, NULL),
(37, 'Banjarnegara', NULL, NULL),
(38, 'Bantaeng', NULL, NULL),
(39, 'Bantul', NULL, NULL),
(40, 'Banyuasin', NULL, NULL),
(41, 'Banyumas', NULL, NULL),
(42, 'Banyuwangi', NULL, NULL),
(43, 'Barito Kuala', NULL, NULL),
(44, 'Barito Selatan', NULL, NULL),
(45, 'Barito Timur', NULL, NULL),
(46, 'Barito Utara', NULL, NULL),
(47, 'Barru', NULL, NULL),
(48, 'Batam', NULL, NULL),
(49, 'Batang', NULL, NULL),
(50, 'Batang Hari', NULL, NULL),
(51, 'Batu', NULL, NULL),
(52, 'Batu Bara', NULL, NULL),
(53, 'Bau-Bau', NULL, NULL),
(54, 'Bekasi', NULL, NULL),
(55, 'Bekasi', NULL, NULL),
(56, 'Belitung', NULL, NULL),
(57, 'Belitung Timur', NULL, NULL),
(58, 'Belu', NULL, NULL),
(59, 'Bener Meriah', NULL, NULL),
(60, 'Bengkalis', NULL, NULL),
(61, 'Bengkayang', NULL, NULL),
(62, 'Bengkulu', NULL, NULL),
(63, 'Bengkulu Selatan', NULL, NULL),
(64, 'Bengkulu Tengah', NULL, NULL),
(65, 'Bengkulu Utara', NULL, NULL),
(66, 'Berau', NULL, NULL),
(67, 'Biak Numfor', NULL, NULL),
(68, 'Bima', NULL, NULL),
(69, 'Bima', NULL, NULL),
(70, 'Binjai', NULL, NULL),
(71, 'Bintan', NULL, NULL),
(72, 'Bireuen', NULL, NULL),
(73, 'Bitung', NULL, NULL),
(74, 'Blitar', NULL, NULL),
(75, 'Blitar', NULL, NULL),
(76, 'Blora', NULL, NULL),
(77, 'Boalemo', NULL, NULL),
(78, 'Bogor', NULL, NULL),
(79, 'Bogor', NULL, NULL),
(80, 'Bojonegoro', NULL, NULL),
(81, 'Bolaang Mongondow (Bolmong)', NULL, NULL),
(82, 'Bolaang Mongondow Selatan', NULL, NULL),
(83, 'Bolaang Mongondow Timur', NULL, NULL),
(84, 'Bolaang Mongondow Utara', NULL, NULL),
(85, 'Bombana', NULL, NULL),
(86, 'Bondowoso', NULL, NULL),
(87, 'Bone', NULL, NULL),
(88, 'Bone Bolango', NULL, NULL),
(89, 'Bontang', NULL, NULL),
(90, 'Boven Digoel', NULL, NULL),
(91, 'Boyolali', NULL, NULL),
(92, 'Brebes', NULL, NULL),
(93, 'Bukittinggi', NULL, NULL),
(94, 'Buleleng', NULL, NULL),
(95, 'Bulukumba', NULL, NULL),
(96, 'Bulungan (Bulongan)', NULL, NULL),
(97, 'Bungo', NULL, NULL),
(98, 'Buol', NULL, NULL),
(99, 'Buru', NULL, NULL),
(100, 'Buru Selatan', NULL, NULL),
(101, 'Buton', NULL, NULL),
(102, 'Buton Utara', NULL, NULL),
(103, 'Ciamis', NULL, NULL),
(104, 'Cianjur', NULL, NULL),
(105, 'Cilacap', NULL, NULL),
(106, 'Cilegon', NULL, NULL),
(107, 'Cimahi', NULL, NULL),
(108, 'Cirebon', NULL, NULL),
(109, 'Cirebon', NULL, NULL),
(110, 'Dairi', NULL, NULL),
(111, 'Deiyai (Deliyai)', NULL, NULL),
(112, 'Deli Serdang', NULL, NULL),
(113, 'Demak', NULL, NULL),
(114, 'Denpasar', NULL, NULL),
(115, 'Depok', NULL, NULL),
(116, 'Dharmasraya', NULL, NULL),
(117, 'Dogiyai', NULL, NULL),
(118, 'Dompu', NULL, NULL),
(119, 'Donggala', NULL, NULL),
(120, 'Dumai', NULL, NULL),
(121, 'Empat Lawang', NULL, NULL),
(122, 'Ende', NULL, NULL),
(123, 'Enrekang', NULL, NULL),
(124, 'Fakfak', NULL, NULL),
(125, 'Flores Timur', NULL, NULL),
(126, 'Garut', NULL, NULL),
(127, 'Gayo Lues', NULL, NULL),
(128, 'Gianyar', NULL, NULL),
(129, 'Gorontalo', NULL, NULL),
(130, 'Gorontalo', NULL, NULL),
(131, 'Gorontalo Utara', NULL, NULL),
(132, 'Gowa', NULL, NULL),
(133, 'Gresik', NULL, NULL),
(134, 'Grobogan', NULL, NULL),
(135, 'Gunung Kidul', NULL, NULL),
(136, 'Gunung Mas', NULL, NULL),
(137, 'Gunungsitoli', NULL, NULL),
(138, 'Halmahera Barat', NULL, NULL),
(139, 'Halmahera Selatan', NULL, NULL),
(140, 'Halmahera Tengah', NULL, NULL),
(141, 'Halmahera Timur', NULL, NULL),
(142, 'Halmahera Utara', NULL, NULL),
(143, 'Hulu Sungai Selatan', NULL, NULL),
(144, 'Hulu Sungai Tengah', NULL, NULL),
(145, 'Hulu Sungai Utara', NULL, NULL),
(146, 'Humbang Hasundutan', NULL, NULL),
(147, 'Indragiri Hilir', NULL, NULL),
(148, 'Indragiri Hulu', NULL, NULL),
(149, 'Indramayu', NULL, NULL),
(150, 'Intan Jaya', NULL, NULL),
(151, 'Jakarta Barat', NULL, NULL),
(152, 'Jakarta Pusat', NULL, NULL),
(153, 'Jakarta Selatan', NULL, NULL),
(154, 'Jakarta Timur', NULL, NULL),
(155, 'Jakarta Utara', NULL, NULL),
(156, 'Jambi', NULL, NULL),
(157, 'Jayapura', NULL, NULL),
(158, 'Jayapura', NULL, NULL),
(159, 'Jayawijaya', NULL, NULL),
(160, 'Jember', NULL, NULL),
(161, 'Jembrana', NULL, NULL),
(162, 'Jeneponto', NULL, NULL),
(163, 'Jepara', NULL, NULL),
(164, 'Jombang', NULL, NULL),
(165, 'Kaimana', NULL, NULL),
(166, 'Kampar', NULL, NULL),
(167, 'Kapuas', NULL, NULL),
(168, 'Kapuas Hulu', NULL, NULL),
(169, 'Karanganyar', NULL, NULL),
(170, 'Karangasem', NULL, NULL),
(171, 'Karawang', NULL, NULL),
(172, 'Karimun', NULL, NULL),
(173, 'Karo', NULL, NULL),
(174, 'Katingan', NULL, NULL),
(175, 'Kaur', NULL, NULL),
(176, 'Kayong Utara', NULL, NULL),
(177, 'Kebumen', NULL, NULL),
(178, 'Kediri', NULL, NULL),
(179, 'Kediri', NULL, NULL),
(180, 'Keerom', NULL, NULL),
(181, 'Kendal', NULL, NULL),
(182, 'Kendari', NULL, NULL),
(183, 'Kepahiang', NULL, NULL),
(184, 'Kepulauan Anambas', NULL, NULL),
(185, 'Kepulauan Aru', NULL, NULL),
(186, 'Kepulauan Mentawai', NULL, NULL),
(187, 'Kepulauan Meranti', NULL, NULL),
(188, 'Kepulauan Sangihe', NULL, NULL),
(189, 'Kepulauan Seribu', NULL, NULL),
(190, 'Kepulauan Siau Tagulandang Biaro (Sitaro)', NULL, NULL),
(191, 'Kepulauan Sula', NULL, NULL),
(192, 'Kepulauan Talaud', NULL, NULL),
(193, 'Kepulauan Yapen (Yapen Waropen)', NULL, NULL),
(194, 'Kerinci', NULL, NULL),
(195, 'Ketapang', NULL, NULL),
(196, 'Klaten', NULL, NULL),
(197, 'Klungkung', NULL, NULL),
(198, 'Kolaka', NULL, NULL),
(199, 'Kolaka Utara', NULL, NULL),
(200, 'Konawe', NULL, NULL),
(201, 'Konawe Selatan', NULL, NULL),
(202, 'Konawe Utara', NULL, NULL),
(203, 'Kotabaru', NULL, NULL),
(204, 'Kotamobagu', NULL, NULL),
(205, 'Kotawaringin Barat', NULL, NULL),
(206, 'Kotawaringin Timur', NULL, NULL),
(207, 'Kuantan Singingi', NULL, NULL),
(208, 'Kubu Raya', NULL, NULL),
(209, 'Kudus', NULL, NULL),
(210, 'Kulon Progo', NULL, NULL),
(211, 'Kuningan', NULL, NULL),
(212, 'Kupang', NULL, NULL),
(213, 'Kupang', NULL, NULL),
(214, 'Kutai Barat', NULL, NULL),
(215, 'Kutai Kartanegara', NULL, NULL),
(216, 'Kutai Timur', NULL, NULL),
(217, 'Labuhan Batu', NULL, NULL),
(218, 'Labuhan Batu Selatan', NULL, NULL),
(219, 'Labuhan Batu Utara', NULL, NULL),
(220, 'Lahat', NULL, NULL),
(221, 'Lamandau', NULL, NULL),
(222, 'Lamongan', NULL, NULL),
(223, 'Lampung Barat', NULL, NULL),
(224, 'Lampung Selatan', NULL, NULL),
(225, 'Lampung Tengah', NULL, NULL),
(226, 'Lampung Timur', NULL, NULL),
(227, 'Lampung Utara', NULL, NULL),
(228, 'Landak', NULL, NULL),
(229, 'Langkat', NULL, NULL),
(230, 'Langsa', NULL, NULL),
(231, 'Lanny Jaya', NULL, NULL),
(232, 'Lebak', NULL, NULL),
(233, 'Lebong', NULL, NULL),
(234, 'Lembata', NULL, NULL),
(235, 'Lhokseumawe', NULL, NULL),
(236, 'Lima Puluh Koto/Kota', NULL, NULL),
(237, 'Lingga', NULL, NULL),
(238, 'Lombok Barat', NULL, NULL),
(239, 'Lombok Tengah', NULL, NULL),
(240, 'Lombok Timur', NULL, NULL),
(241, 'Lombok Utara', NULL, NULL),
(242, 'Lubuk Linggau', NULL, NULL),
(243, 'Lumajang', NULL, NULL),
(244, 'Luwu', NULL, NULL),
(245, 'Luwu Timur', NULL, NULL),
(246, 'Luwu Utara', NULL, NULL),
(247, 'Madiun', NULL, NULL),
(248, 'Madiun', NULL, NULL),
(249, 'Magelang', NULL, NULL),
(250, 'Magelang', NULL, NULL),
(251, 'Magetan', NULL, NULL),
(252, 'Majalengka', NULL, NULL),
(253, 'Majene', NULL, NULL),
(254, 'Makassar', NULL, NULL),
(255, 'Malang', NULL, NULL),
(256, 'Malang', NULL, NULL),
(257, 'Malinau', NULL, NULL),
(258, 'Maluku Barat Daya', NULL, NULL),
(259, 'Maluku Tengah', NULL, NULL),
(260, 'Maluku Tenggara', NULL, NULL),
(261, 'Maluku Tenggara Barat', NULL, NULL),
(262, 'Mamasa', NULL, NULL),
(263, 'Mamberamo Raya', NULL, NULL),
(264, 'Mamberamo Tengah', NULL, NULL),
(265, 'Mamuju', NULL, NULL),
(266, 'Mamuju Utara', NULL, NULL),
(267, 'Manado', NULL, NULL),
(268, 'Mandailing Natal', NULL, NULL),
(269, 'Manggarai', NULL, NULL),
(270, 'Manggarai Barat', NULL, NULL),
(271, 'Manggarai Timur', NULL, NULL),
(272, 'Manokwari', NULL, NULL),
(273, 'Manokwari Selatan', NULL, NULL),
(274, 'Mappi', NULL, NULL),
(275, 'Maros', NULL, NULL),
(276, 'Mataram', NULL, NULL),
(277, 'Maybrat', NULL, NULL),
(278, 'Medan', NULL, NULL),
(279, 'Melawi', NULL, NULL),
(280, 'Merangin', NULL, NULL),
(281, 'Merauke', NULL, NULL),
(282, 'Mesuji', NULL, NULL),
(283, 'Metro', NULL, NULL),
(284, 'Mimika', NULL, NULL),
(285, 'Minahasa', NULL, NULL),
(286, 'Minahasa Selatan', NULL, NULL),
(287, 'Minahasa Tenggara', NULL, NULL),
(288, 'Minahasa Utara', NULL, NULL),
(289, 'Mojokerto', NULL, NULL),
(290, 'Mojokerto', NULL, NULL),
(291, 'Morowali', NULL, NULL),
(292, 'Muara Enim', NULL, NULL),
(293, 'Muaro Jambi', NULL, NULL),
(294, 'Muko Muko', NULL, NULL),
(295, 'Muna', NULL, NULL),
(296, 'Murung Raya', NULL, NULL),
(297, 'Musi Banyuasin', NULL, NULL),
(298, 'Musi Rawas', NULL, NULL),
(299, 'Nabire', NULL, NULL),
(300, 'Nagan Raya', NULL, NULL),
(301, 'Nagekeo', NULL, NULL),
(302, 'Natuna', NULL, NULL),
(303, 'Nduga', NULL, NULL),
(304, 'Ngada', NULL, NULL),
(305, 'Nganjuk', NULL, NULL),
(306, 'Ngawi', NULL, NULL),
(307, 'Nias', NULL, NULL),
(308, 'Nias Barat', NULL, NULL),
(309, 'Nias Selatan', NULL, NULL),
(310, 'Nias Utara', NULL, NULL),
(311, 'Nunukan', NULL, NULL),
(312, 'Ogan Ilir', NULL, NULL),
(313, 'Ogan Komering Ilir', NULL, NULL),
(314, 'Ogan Komering Ulu', NULL, NULL),
(315, 'Ogan Komering Ulu Selatan', NULL, NULL),
(316, 'Ogan Komering Ulu Timur', NULL, NULL),
(317, 'Pacitan', NULL, NULL),
(318, 'Padang', NULL, NULL),
(319, 'Padang Lawas', NULL, NULL),
(320, 'Padang Lawas Utara', NULL, NULL),
(321, 'Padang Panjang', NULL, NULL),
(322, 'Padang Pariaman', NULL, NULL),
(323, 'Padang Sidempuan', NULL, NULL),
(324, 'Pagar Alam', NULL, NULL),
(325, 'Pakpak Bharat', NULL, NULL),
(326, 'Palangka Raya', NULL, NULL),
(327, 'Palembang', NULL, NULL),
(328, 'Palopo', NULL, NULL),
(329, 'Palu', NULL, NULL),
(330, 'Pamekasan', NULL, NULL),
(331, 'Pandeglang', NULL, NULL),
(332, 'Pangandaran', NULL, NULL),
(333, 'Pangkajene Kepulauan', NULL, NULL),
(334, 'Pangkal Pinang', NULL, NULL),
(335, 'Paniai', NULL, NULL),
(336, 'Parepare', NULL, NULL),
(337, 'Pariaman', NULL, NULL),
(338, 'Parigi Moutong', NULL, NULL),
(339, 'Pasaman', NULL, NULL),
(340, 'Pasaman Barat', NULL, NULL),
(341, 'Paser', NULL, NULL),
(342, 'Pasuruan', NULL, NULL),
(343, 'Pasuruan', NULL, NULL),
(344, 'Pati', NULL, NULL),
(345, 'Payakumbuh', NULL, NULL),
(346, 'Pegunungan Arfak', NULL, NULL),
(347, 'Pegunungan Bintang', NULL, NULL),
(348, 'Pekalongan', NULL, NULL),
(349, 'Pekalongan', NULL, NULL),
(350, 'Pekanbaru', NULL, NULL),
(351, 'Pelalawan', NULL, NULL),
(352, 'Pemalang', NULL, NULL),
(353, 'Pematang Siantar', NULL, NULL),
(354, 'Penajam Paser Utara', NULL, NULL),
(355, 'Pesawaran', NULL, NULL),
(356, 'Pesisir Barat', NULL, NULL),
(357, 'Pesisir Selatan', NULL, NULL),
(358, 'Pidie', NULL, NULL),
(359, 'Pidie Jaya', NULL, NULL),
(360, 'Pinrang', NULL, NULL),
(361, 'Pohuwato', NULL, NULL),
(362, 'Polewali Mandar', NULL, NULL),
(363, 'Ponorogo', NULL, NULL),
(364, 'Pontianak', NULL, NULL),
(365, 'Pontianak', NULL, NULL),
(366, 'Poso', NULL, NULL),
(367, 'Prabumulih', NULL, NULL),
(368, 'Pringsewu', NULL, NULL),
(369, 'Probolinggo', NULL, NULL),
(370, 'Probolinggo', NULL, NULL),
(371, 'Pulang Pisau', NULL, NULL),
(372, 'Pulau Morotai', NULL, NULL),
(373, 'Puncak', NULL, NULL),
(374, 'Puncak Jaya', NULL, NULL),
(375, 'Purbalingga', NULL, NULL),
(376, 'Purwakarta', NULL, NULL),
(377, 'Purworejo', NULL, NULL),
(378, 'Raja Ampat', NULL, NULL),
(379, 'Rejang Lebong', NULL, NULL),
(380, 'Rembang', NULL, NULL),
(381, 'Rokan Hilir', NULL, NULL),
(382, 'Rokan Hulu', NULL, NULL),
(383, 'Rote Ndao', NULL, NULL),
(384, 'Sabang', NULL, NULL),
(385, 'Sabu Raijua', NULL, NULL),
(386, 'Salatiga', NULL, NULL),
(387, 'Samarinda', NULL, NULL),
(388, 'Sambas', NULL, NULL),
(389, 'Samosir', NULL, NULL),
(390, 'Sampang', NULL, NULL),
(391, 'Sanggau', NULL, NULL),
(392, 'Sarmi', NULL, NULL),
(393, 'Sarolangun', NULL, NULL),
(394, 'Sawah Lunto', NULL, NULL),
(395, 'Sekadau', NULL, NULL),
(396, 'Selayar (Kepulauan Selayar)', NULL, NULL),
(397, 'Seluma', NULL, NULL),
(398, 'Semarang', NULL, NULL),
(399, 'Semarang', NULL, NULL),
(400, 'Seram Bagian Barat', NULL, NULL),
(401, 'Seram Bagian Timur', NULL, NULL),
(402, 'Serang', NULL, NULL),
(403, 'Serang', NULL, NULL),
(404, 'Serdang Bedagai', NULL, NULL),
(405, 'Seruyan', NULL, NULL),
(406, 'Siak', NULL, NULL),
(407, 'Sibolga', NULL, NULL),
(408, 'Sidenreng Rappang/Rapang', NULL, NULL),
(409, 'Sidoarjo', NULL, NULL),
(410, 'Sigi', NULL, NULL),
(411, 'Sijunjung (Sawah Lunto Sijunjung)', NULL, NULL),
(412, 'Sikka', NULL, NULL),
(413, 'Simalungun', NULL, NULL),
(414, 'Simeulue', NULL, NULL),
(415, 'Singkawang', NULL, NULL),
(416, 'Sinjai', NULL, NULL),
(417, 'Sintang', NULL, NULL),
(418, 'Situbondo', NULL, NULL),
(419, 'Sleman', NULL, NULL),
(420, 'Solok', NULL, NULL),
(421, 'Solok', NULL, NULL),
(422, 'Solok Selatan', NULL, NULL),
(423, 'Soppeng', NULL, NULL),
(424, 'Sorong', NULL, NULL),
(425, 'Sorong', NULL, NULL),
(426, 'Sorong Selatan', NULL, NULL),
(427, 'Sragen', NULL, NULL),
(428, 'Subang', NULL, NULL),
(429, 'Subulussalam', NULL, NULL),
(430, 'Sukabumi', NULL, NULL),
(431, 'Sukabumi', NULL, NULL),
(432, 'Sukamara', NULL, NULL),
(433, 'Sukoharjo', NULL, NULL),
(434, 'Sumba Barat', NULL, NULL),
(435, 'Sumba Barat Daya', NULL, NULL),
(436, 'Sumba Tengah', NULL, NULL),
(437, 'Sumba Timur', NULL, NULL),
(438, 'Sumbawa', NULL, NULL),
(439, 'Sumbawa Barat', NULL, NULL),
(440, 'Sumedang', NULL, NULL),
(441, 'Sumenep', NULL, NULL),
(442, 'Sungaipenuh', NULL, NULL),
(443, 'Supiori', NULL, NULL),
(444, 'Surabaya', NULL, NULL),
(445, 'Surakarta (Solo)', NULL, NULL),
(446, 'Tabalong', NULL, NULL),
(447, 'Tabanan', NULL, NULL),
(448, 'Takalar', NULL, NULL),
(449, 'Tambrauw', NULL, NULL),
(450, 'Tana Tidung', NULL, NULL),
(451, 'Tana Toraja', NULL, NULL),
(452, 'Tanah Bumbu', NULL, NULL),
(453, 'Tanah Datar', NULL, NULL),
(454, 'Tanah Laut', NULL, NULL),
(455, 'Tangerang', NULL, NULL),
(456, 'Tangerang', NULL, NULL),
(457, 'Tangerang Selatan', NULL, NULL),
(458, 'Tanggamus', NULL, NULL),
(459, 'Tanjung Balai', NULL, NULL),
(460, 'Tanjung Jabung Barat', NULL, NULL),
(461, 'Tanjung Jabung Timur', NULL, NULL),
(462, 'Tanjung Pinang', NULL, NULL),
(463, 'Tapanuli Selatan', NULL, NULL),
(464, 'Tapanuli Tengah', NULL, NULL),
(465, 'Tapanuli Utara', NULL, NULL),
(466, 'Tapin', NULL, NULL),
(467, 'Tarakan', NULL, NULL),
(468, 'Tasikmalaya', NULL, NULL),
(469, 'Tasikmalaya', NULL, NULL),
(470, 'Tebing Tinggi', NULL, NULL),
(471, 'Tebo', NULL, NULL),
(472, 'Tegal', NULL, NULL),
(473, 'Tegal', NULL, NULL),
(474, 'Teluk Bintuni', NULL, NULL),
(475, 'Teluk Wondama', NULL, NULL),
(476, 'Temanggung', NULL, NULL),
(477, 'Ternate', NULL, NULL),
(478, 'Tidore Kepulauan', NULL, NULL),
(479, 'Timor Tengah Selatan', NULL, NULL),
(480, 'Timor Tengah Utara', NULL, NULL),
(481, 'Toba Samosir', NULL, NULL),
(482, 'Tojo Una-Una', NULL, NULL),
(483, 'Toli-Toli', NULL, NULL),
(484, 'Tolikara', NULL, NULL),
(485, 'Tomohon', NULL, NULL),
(486, 'Toraja Utara', NULL, NULL),
(487, 'Trenggalek', NULL, NULL),
(488, 'Tual', NULL, NULL),
(489, 'Tuban', NULL, NULL),
(490, 'Tulang Bawang', NULL, NULL),
(491, 'Tulang Bawang Barat', NULL, NULL),
(492, 'Tulungagung', NULL, NULL),
(493, 'Wajo', NULL, NULL),
(494, 'Wakatobi', NULL, NULL),
(495, 'Waropen', NULL, NULL),
(496, 'Way Kanan', NULL, NULL),
(497, 'Wonogiri', NULL, NULL),
(498, 'Wonosobo', NULL, NULL),
(499, 'Yahukimo', NULL, NULL),
(500, 'Yalimo', NULL, NULL),
(501, 'Yogyakarta', NULL, NULL);

-- --------------------------------------------------------

--
-- Table structure for table `kota_dim`
--

CREATE TABLE `kota_dim` (
  `sk_kota` int(11) DEFAULT NULL,
  `nama` varchar(255) DEFAULT NULL,
  `alamat_pengirim` text DEFAULT NULL,
  `alamat_penerima` text DEFAULT NULL
) ENGINE=InnoDB DEFAULT CHARSET=utf8mb4;

--
-- Dumping data for table `kota_dim`
--

INSERT INTO `kota_dim` (`sk_kota`, `nama`, `alamat_pengirim`, `alamat_penerima`) VALUES
(1, 'Blitar', 'Jl.Cempaka', 'Jl.Anggrek'),
(2, 'Blitar', 'Jl.Cempaka', 'Jl.Mekar'),
(3, 'Blitar', 'Jl.Cempaka', 'Jl.Suka'),
(4, 'Blitar', 'Jl.Cempaka', 'Jl.bintang'),
(5, 'Blitar', 'Jl.Cempaka', 'Jl.Bulan'),
(6, 'Blitar', 'Jl.Cempaka', 'Jl.Water '),
(7, 'Blitar', 'Jl.Cempaka', 'Jl. Medokan Semampir'),
(8, 'Blitar', 'Jl.Cempaka', 'Jl. Medokan Keputih'),
(9, 'Blitar', 'Jl.Cempaka', 'Jl. Semolowaru'),
(10, 'Blitar', 'Jl.Cempaka', 'Jl. Sukosemolo'),
(11, 'Blitar', 'Jl.Cempaka', 'Jl. Arief Rachman Hakim'),
(12, 'Blitar', 'Jl. Ahmad Yani', 'Jl. Keputih'),
(13, 'Blitar', 'Jl. Stasiun Wonokromo', 'Jl. Keputih Tegal'),
(14, 'Blitar', 'Jl. Mastrip', 'Jl. Deles'),
(15, 'Blitar', 'Jl. Mastrip', 'Jl. Menur Pumpungan'),
(16, 'Blitar', 'Jl. Gunungsari', 'Jl. Klampis Jaya'),
(17, 'Blitar', 'Jl. Joyoboyo', 'Jl. Gebang Putih'),
(18, 'Blitar', 'Jl. Menganti', 'Jl. Gebang Lor'),
(19, 'Blitar', 'Jl. Hayam Wuruk', 'Jl. KH Ahmad Dahlan'),
(20, 'Blitar', 'Jl. Gajah Mada', 'Jl. Kejawan Gebang'),
(21, 'Blitar', 'Jl. Adityawarman', 'Jl. Kejawan Putih Tambak'),
(22, 'Blitar', 'Jl. Ciliwung', 'Jl. Manyar Kertoadi'),
(23, 'Blitar', 'Jl. Kutai', 'Jl. Nginden'),
(24, 'Blitar', 'Jl. Indragiri', 'Jl. Manyar'),
(25, 'Surabaya', 'Jl. Pulo Wonokromo', 'Jl. Mleto'),
(26, 'Surabaya', 'Jl. Pagesangan', 'Jl. Nginden Semolo'),
(27, 'Surabaya', 'Jl. Jambangan', 'Jl. Manyar Kertoadi'),
(28, 'Surabaya', 'Jl. Karah', 'Jl. Mleto'),
(29, 'Surabaya', 'Jl. Karah Agung', 'Jl. Kalisari'),
(30, 'Surabaya', 'Jl. Kebon Agung', 'Jl. Mulyosari'),
(31, 'Surabaya', 'Jl. Gayung Kebonsari', 'Jl. Kejawan Putih Tambak'),
(32, 'Surabaya', 'Jl. Gayungan PTT', 'Jl. Tempurejo'),
(33, 'Surabaya', 'Jl. Dukuh Menanggal', 'Jl. Mulyorejo'),
(34, 'Surabaya', 'Jl. Ketintang', 'Jl. Sutorejo'),
(35, 'Surabaya', 'Jl. Siwalankerto', 'Jl. Kalijudan'),
(36, 'Surabaya', 'Jl. Siwalankerto Timur', 'Jl. Kenjeran'),
(37, 'Surabaya', 'Jl. Jemursari', 'Jl. Manyar Kertoarjo'),
(38, 'Surabaya', 'Jl. Margorejo', 'Jl. Manyar Sabrangan'),
(39, 'Surabaya', 'Jl. Margorejo Indah', 'Jl. Kertajaya Indah'),
(40, 'Surabaya', 'Jl. Jemur Andayani', 'Jl. Labansari'),
(41, 'Surabaya', 'Jl. Prapen', 'Jl. Sulawesi'),
(42, 'Surabaya', 'Jl. Ngagel', 'Jl. Gubeng'),
(43, 'Surabaya', 'Jl. Bendul Merisi', 'Jl. Biliton'),
(44, 'Surabaya', 'Jl. Bendul Merisi', 'Jl. Sumatra'),
(45, 'Surabaya', 'Jl. Bung Tomo', 'Jl. Manyar'),
(46, 'Surabaya', 'Jl. Mayjen Sungkono', 'Jl. Kertajaya'),
(47, 'Surabaya', 'Jl. Mayjen Sungkono', 'Jl. Karang Menjangan'),
(48, 'Surabaya', 'Jl. Mayjen Sungkono', 'Jl. Prof. Dr. Moestopo'),
(49, 'Surabaya', 'Jl. Dukuh Kupang', 'Jl. Kaliwaron'),
(50, 'Surabaya', 'Jl. Balas Klumprik', 'Jl. Menur'),
(51, 'Banjarmasin', 'Jl. Ngagel Jaya Selatan', 'Jl. Airlangga'),
(52, 'Banjarmasin', 'Jl. Ngagel Rejo', 'Jl. Srikana'),
(53, 'Banjarmasin', 'Jl. Ngagel Rejo Kidul', 'Jl. Dharmawangsa'),
(54, 'Banjarmasin', 'Jl. Darmo', 'Jl. Kertajaya'),
(55, 'Banjarmasin', 'Jl. Pasar Kembang', 'Jl. Ngagel Jaya'),
(56, 'Banjarmasin', 'Jl. Arjuno', 'Jl. Pucang Anom Timur'),
(57, 'Banjarmasin', 'Jl. Girilaya', 'Jl. Ngagel Jaya Selatan'),
(58, 'Banjarmasin', 'Jl. Putat Jaya', 'Jl. Bratang Jaya'),
(59, 'Banjarmasin', 'Jl. Banyu Urip', 'Jl. Bratang Binangun'),
(60, 'Banjarmasin', 'Jl. Kupang Gunung', 'Jl. Karimun Jawa'),
(61, 'Banjarmasin', 'Jl. Dukuh Kupang', 'Jl. Sulawesi'),
(62, 'Banjarmasin', 'Jl. Kranggan', 'Jl. Keputran'),
(63, 'Banjarmasin', 'Jl. Simo Kwagean', 'Jl. Dr. Soetomo'),
(64, 'Banjarmasin', 'Jl. Pacuan Kuda', 'Jl. M. Jasin Polisi Istimewa'),
(65, 'Banjarmasin', 'Jl. Tidar', 'Jl. Darmo Kali'),
(66, 'Banjarmasin', 'Jl. Dukuh Kupang', 'Jl. Pandegiling'),
(67, 'Banjarmasin', 'Jl. Blauran', 'Jl. Dinoyo'),
(68, 'Banjarmasin', 'Jl. Darmo Kali', 'Jl. Darmo'),
(69, 'Banjarmasin', 'Jl. Jagir Wonokromo', 'Jl. Tegalsari'),
(70, 'Banjarmasin', 'Jl. Bratang Gede', 'Jl. Kedungsari'),
(71, 'Yogyakarta', 'Jl. Mayjen HR. Mohammad', 'Jl. Pregolan'),
(72, 'Yogyakarta', 'Jl. Mayjen HR. Mohammad', 'Jl. Basuki Rahmat'),
(73, 'Yogyakarta', 'Jl. Lakarsantri', 'Jl. Embong Malang'),
(74, 'Yogyakarta', 'Jl. Lontar', 'Jl. Kedung Doro'),
(75, 'Yogyakarta', 'Jl. Bangkingan', 'Jl. Kombes Pol Duryat'),
(76, 'Yogyakarta', 'Jl. Sumur Welut', 'Jl. Diponegoro'),
(77, 'Yogyakarta', 'Jl. Sumberan', 'Jl. Diponegoro'),
(78, 'Yogyakarta', 'Jl. Wisma Lidah Kulon', 'Jl. Tembok Dukuh'),
(79, 'Yogyakarta', 'Jl. Jemur Andayani', 'Jl. Kalibutuh'),
(80, 'Yogyakarta', 'Jl. Kutisari Utara', 'Jl. Demak'),
(81, 'Yogyakarta', 'Jl. Kutisari Selatan', 'Jl. Semarang'),
(82, 'Yogyakarta', 'Jl. Kendangsari', 'Jl. Bubutan'),
(83, 'Yogyakarta', 'Jl. Tenggilis', 'Jl. Gemblongan'),
(84, 'Yogyakarta', 'Jl. Prapen', 'Jl. Pahlawan'),
(85, 'Yogyakarta', 'Jl. Rungkut Industri', 'Jl. Kramat Gantung'),
(86, 'Yogyakarta', 'Jl. Rungkut Industri', 'Jl. Pasar Turi'),
(87, 'Yogyakarta', 'Jl. Kalirungkut', 'Jl. Tembaan'),
(88, 'Yogyakarta', 'Jl. Kedung Baruk', 'Jl. Pasar Besar Wetan'),
(89, 'Yogyakarta', 'Jl. Kendalsari', 'Jl. Dupak'),
(90, 'Yogyakarta', 'Jl. Kendalsari Selatan', 'Jl. Jepara'),
(91, 'Yogyakarta', 'Jl. Wonorejo Timur', 'Jl. Rembang'),
(92, 'Yogyakarta', 'Jl. Wonorejo Rungkut', 'Jl. Tunjungan'),
(93, 'Yogyakarta', 'Jl. Wonorejo Selatan', 'Jl. Jagalan'),
(94, 'Yogyakarta', 'Jl. Pandugo', 'Jl. Kalianyar'),
(95, 'Yogyakarta', 'Jl. Medokan Ayu', 'Jl. Basuki Rahmat'),
(96, 'Singkawang', 'Jl. Medokan Sawah', 'Jl. Gubernur Suryo'),
(97, 'Singkawang', 'Jl. Wonoayu', 'Jl. Yos Sudarso'),
(98, 'Singkawang', 'Jl. Penjaringan Timur', 'Jl. Pemuda'),
(99, 'Singkawang', 'Jl. Rungkut Madya', 'Jl. Panglima Sudirman'),
(100, 'Singkawang', 'Jl. Zamhuri', 'Jl. Gubeng Pojok'),
(101, 'Singkawang', 'Jl. Rungkut Madya', 'Jl. Kayoon / Kayun'),
(102, 'Singkawang', 'Jl. Zamhuri', 'Jl. Walikota Mustajab'),
(103, 'Singkawang', 'Jl. Rungkut Tengah', 'Jl. Wijaya Kusuma'),
(104, 'Singkawang', 'Jl. Rungkut Menanggal', 'Jl. Jaksa Agung Suprapto'),
(105, 'Singkawang', 'Jl. Gunung Anyar Lor', 'Jl. Simpang Dukuh'),
(106, 'Singkawang', 'Jl. Gunung Anyar Tengah', 'Jl. Undaan Wetan'),
(107, 'Singkawang', 'Jl. Gunung Anyar Kidul', 'Jl. Undaan Kulon'),
(108, 'Singkawang', 'Jl. Gunung Anyar Timur', 'Jl. Kusuma Bangsa'),
(109, 'Singkawang', 'Jl. Amir Mahmud', 'Jl. Stasiun Gubeng'),
(110, 'Singkawang', 'Jl. Abdul Karim', 'Jl. Kapasari'),
(111, 'Blitar', 'Jl. Medokan Keputih', 'Jl. Panglima Sudirman'),
(112, 'Blitar', 'Jl. Semolowaru', 'Jl. Gubeng Pojok'),
(113, 'Blitar', 'Jl. Sukosemolo', 'Jl. Kayoon / Kayun'),
(114, 'Blitar', 'Jl. Arief Rachman Hakim', 'Jl. Walikota Mustajab'),
(115, 'Blitar', 'Jl. Keputih', 'Jl. Wijaya Kusuma'),
(116, 'Blitar', 'Jl. Keputih Tegal', 'Jl. Jaksa Agung Suprapto'),
(117, 'Blitar', 'Jl. Deles', 'Jl. Simpang Dukuh'),
(118, 'Blitar', 'Jl. Menur Pumpungan', 'Jl. Undaan Wetan'),
(119, 'Blitar', 'Jl. Klampis Jaya', 'Jl. Undaan Kulon'),
(120, 'Blitar', 'Jl. Gebang Putih', 'Jl. Kusuma Bangsa'),
(121, 'Blitar', 'Jl. Gebang Lor', 'Jl. Stasiun Gubeng'),
(122, 'Blitar', 'Jl. KH Ahmad Dahlan', 'Jl. Kapasari'),
(123, 'Blitar', 'Jl. Kejawan Gebang', 'Jl. Achmad Jais'),
(124, 'Blitar', 'Jl. Kejawan Putih Tambak', 'Jl. Peneleh'),
(125, 'Blitar', 'Jl. Manyar Kertoadi', 'Jl. Ngemplak'),
(126, 'Blitar', 'Jl. Nginden', 'Jl. Genteng Kali'),
(127, 'Blitar', 'Jl. Manyar', 'Jl. Ambengan'),
(128, 'Blitar', 'Jl. Mleto', 'Jl. Ngaglik'),
(129, 'Blitar', 'Jl. Nginden Semolo', 'Jl. Gembong'),
(130, 'Blitar', 'Jl. Manyar Kertoadi', 'Jl. Pecindilan'),
(131, 'Blitar', 'Jl. Mleto', 'Jl. Sonokembang'),
(132, 'Blitar', 'Jl. Kalisari', 'Jl. Jagalan'),
(133, 'Blitar', 'Jl. Mulyosari', 'Jl. Pengampon'),
(134, 'Blitar', 'Jl. Kejawan Putih Tambak', 'Jl. Gembong'),
(135, 'Surabaya', 'Jl. Tempurejo', 'Jl. Stasiun Kota'),
(136, 'Surabaya', 'Jl. Mulyorejo', 'Jl. Kembang Jepun'),
(137, 'Surabaya', 'Jl. Sutorejo', 'Jl. Dukuh'),
(138, 'Surabaya', 'Jl. Kalijudan', 'Jl. Jakarta'),
(139, 'Surabaya', 'Jl. Kenjeran', 'Jl. Perak Timur'),
(140, 'Surabaya', 'Jl. Manyar Kertoarjo', 'Jl. Perak Barat'),
(141, 'Surabaya', 'Jl. Manyar Sabrangan', 'Jl. Kalimas Baru'),
(142, 'Surabaya', 'Jl. Kertajaya Indah', 'Jl. Jembatan Merah'),
(143, 'Surabaya', 'Jl. Labansari', 'Jl. Veteran'),
(144, 'Surabaya', 'Jl. Sulawesi', 'Jl. Kebonrojo'),
(145, 'Surabaya', 'Jl. Gubeng', 'Jl. Indrapura'),
(146, 'Surabaya', 'Jl. Biliton', 'Jl. Rajawali'),
(147, 'Surabaya', 'Jl. Sumatra', 'Jl. Perak Barat'),
(148, 'Surabaya', 'Jl. Manyar', 'Jl. Ikan Dorang'),
(149, 'Surabaya', 'Jl. Kertajaya', 'Jl. Ikan Kakap'),
(150, 'Surabaya', 'Jl. Karang Menjangan', 'Jl. Gresik (Gadukan)'),
(151, 'Surabaya', 'Jl. Prof. Dr. Moestopo', 'Jl. Jepara'),
(152, 'Surabaya', 'Jl. Kaliwaron', 'Jl. Tanjung Sadari'),
(153, 'Surabaya', 'Jl. Menur', 'Jl. Kalianak'),
(154, 'Surabaya', 'Jl. Airlangga', 'Jl. Dupak'),
(155, 'Surabaya', 'Jl. Srikana', 'Jl. Demak'),
(156, 'Surabaya', 'Jl. Dharmawangsa', 'Jl. Tambak Asri'),
(157, 'Surabaya', 'Jl. Kertajaya', 'Jl. Tambak Asri'),
(158, 'Surabaya', 'Jl. Ngagel Jaya', 'Jl. Dupak Rukun'),
(159, 'Surabaya', 'Jl. Pucang Anom Timur', 'Jl. Asemrowo'),
(160, 'Surabaya', 'Jl. Ngagel Jaya Selatan', 'Jl. Tambak Mayor'),
(161, 'Banjarmasin', 'Jl. Bratang Jaya', 'Jl. Kalianak'),
(162, 'Banjarmasin', 'Jl. Bratang Binangun', 'Jl. Tambak Osowilangun'),
(163, 'Banjarmasin', 'Jl. Karimun Jawa', 'Jl. Margomulyo'),
(164, 'Banjarmasin', 'Jl. Sulawesi', 'Jl. Margomulyo'),
(165, 'Banjarmasin', 'Jl. Keputran', 'Jl. Balongsari'),
(166, 'Banjarmasin', 'Jl. Dr. Soetomo', 'Jl. Tandes'),
(167, 'Banjarmasin', 'Jl. M. Jasin Polisi Istimewa', 'Jl. Bibis'),
(168, 'Banjarmasin', 'Jl. Darmo Kali', 'Jl. Manukan Wetan'),
(169, 'Banjarmasin', 'Jl. Pandegiling', 'Jl. Manukan Kulon'),
(170, 'Banjarmasin', 'Jl. Dinoyo', 'Jl. Banjar Sugihan'),
(171, 'Banjarmasin', 'Jl. Darmo', 'Jl. Tengger'),
(172, 'Banjarmasin', 'Jl. Tegalsari', 'Jl. Jugrug Rejosari'),
(173, 'Banjarmasin', 'Jl. Kedungsari', 'Jl. Kyai Amir'),
(174, 'Banjarmasin', 'Jl. Pregolan', 'Jl. Manukan Tama'),
(175, 'Banjarmasin', 'Jl. Basuki Rahmat', 'Jl. Wonorejo'),
(176, 'Banjarmasin', 'Jl. Embong Malang', 'Jl. Jelidro'),
(177, 'Banjarmasin', 'Jl. Kedung Doro', 'Jl. Kandangan'),
(178, 'Banjarmasin', 'Jl. Kombes Pol Duryat', 'Jl. Sememi'),
(179, 'Banjarmasin', 'Jl. Diponegoro', 'Jl. Kendung'),
(180, 'Banjarmasin', 'Jl. Diponegoro', 'Jl. Alas Malang'),
(181, 'Yogyakarta', 'Jl. Tembok Dukuh', 'Jl. Klakahrejo'),
(182, 'Yogyakarta', 'Jl. Kalibutuh', 'Jl. Moroseneng'),
(183, 'Yogyakarta', 'Jl. Demak', 'Jl. Tambak Osowilangun'),
(184, 'Yogyakarta', 'Jl. Semarang', 'Jl. Pakal'),
(185, 'Yogyakarta', 'Jl. Bubutan', 'Jl. Raci'),
(186, 'Yogyakarta', 'Jl. Gemblongan', 'Jl. Benowo'),
(187, 'Yogyakarta', 'Jl. Pahlawan', 'Jl. Babat Jerawat'),
(188, 'Yogyakarta', 'Jl. Kramat Gantung', 'Jl. Romokalisari'),
(189, 'Yogyakarta', 'Jl. Pasar Turi', 'Jl. Singapur'),
(190, 'Yogyakarta', 'Jl. Tembaan', 'Jl. Alas Malang'),
(191, 'Yogyakarta', 'Jl. Pasar Besar Wetan', 'Jl. Made'),
(192, 'Yogyakarta', 'Jl. Dupak', 'Jl. Ngemplak'),
(193, 'Yogyakarta', 'Jl. Jepara', 'Jl. Bungkal'),
(194, 'Yogyakarta', 'Jl. Rembang', 'Jl. Sawo'),
(195, 'Yogyakarta', 'Jl. Tunjungan', 'Jl. Sambikerep'),
(196, 'Yogyakarta', 'Jl. Jagalan', 'Jl. Kalijaran'),
(197, 'Yogyakarta', 'Jl. Kalianyar', 'Jl. Dukuh Bulak Banteng'),
(198, 'Yogyakarta', 'Jl. Basuki Rahmat', 'Jl. Kedinding Lor'),
(199, 'Yogyakarta', 'Jl. Gubernur Suryo', 'Jl. Bronggalan'),
(200, 'Yogyakarta', 'Jl. Yos Sudarso', 'Jl. Putro Agung Wetan'),
(201, 'Yogyakarta', 'Jl. Pemuda', 'Jl. Putra Agung Kulon'),
(202, 'Yogyakarta', 'Jl. Semarang', 'Jl. Pakal'),
(203, 'Blitar', 'Jl. Simpang Dukuh', 'Jl. Ahmad Yani'),
(204, 'Blitar', 'Jl. Undaan Wetan', 'Jl. Ahmad Yani'),
(205, 'Blitar', 'Jl. Undaan Kulon', 'Jl. Stasiun Wonokromo'),
(206, 'Blitar', 'Jl. Kusuma Bangsa', 'Jl. Mastrip'),
(207, 'Blitar', 'Jl. Stasiun Gubeng', 'Jl. Mastrip'),
(208, 'Blitar', 'Jl. Kapasari', 'Jl. Gunungsari'),
(209, 'Blitar', 'Jl. Achmad Jais', 'Jl. Joyoboyo'),
(210, 'Blitar', 'Jl. Peneleh', 'Jl. Menganti'),
(211, 'Blitar', 'Jl. Ngemplak', 'Jl. Hayam Wuruk'),
(212, 'Blitar', 'Jl. Genteng Kali', 'Jl. Gajah Mada'),
(213, 'Blitar', 'Jl. Ambengan', 'Jl. Adityawarman'),
(214, 'Blitar', 'Jl. Ngaglik', 'Jl. Ciliwung'),
(215, 'Blitar', 'Jl. Gembong', 'Jl. Kutai'),
(216, 'Blitar', 'Jl. Pecindilan', 'Jl. Indragiri'),
(217, 'Blitar', 'Jl. Sonokembang', 'Jl. Pulo Wonokromo'),
(218, 'Blitar', 'Jl. Jagalan', 'Jl. Pagesangan'),
(219, 'Blitar', 'Jl. Pengampon', 'Jl. Jambangan'),
(220, 'Blitar', 'Jl. Gembong', 'Jl. Karah'),
(221, 'Blitar', 'Jl. Stasiun Kota', 'Jl. Karah Agung'),
(222, 'Blitar', 'Jl. Kembang Jepun', 'Jl. Kebon Agung'),
(223, 'Blitar', 'Jl. Dukuh', 'Jl. Gayung Kebonsari'),
(224, 'Blitar', 'Jl. Jakarta', 'Jl. Gayungan PTT'),
(225, 'Blitar', 'Jl. Perak Timur', 'Jl. Dukuh Menanggal'),
(226, 'Blitar', 'Jl. Perak Barat', 'Jl. Ketintang'),
(227, 'Surabaya', 'Jl. Kalimas Baru', 'Jl. Siwalankerto'),
(228, 'Surabaya', 'Jl. Jembatan Merah', 'Jl. Siwalankerto Timur'),
(229, 'Surabaya', 'Jl. Veteran', 'Jl. Jemursari'),
(230, 'Surabaya', 'Jl. Kebonrojo', 'Jl. Margorejo'),
(231, 'Surabaya', 'Jl. Indrapura', 'Jl. Margorejo Indah'),
(232, 'Surabaya', 'Jl. Rajawali', 'Jl. Jemur Andayani'),
(233, 'Surabaya', 'Jl. Perak Barat', 'Jl. Prapen'),
(234, 'Surabaya', 'Jl. Ikan Dorang', 'Jl. Ngagel'),
(235, 'Surabaya', 'Jl. Ikan Kakap', 'Jl. Bendul Merisi'),
(236, 'Surabaya', 'Jl. Gresik (Gadukan)', 'Jl. Bendul Merisi'),
(237, 'Surabaya', 'Jl. Jepara', 'Jl. Bung Tomo'),
(238, 'Surabaya', 'Jl. Tanjung Sadari', 'Jl. Mayjen Sungkono'),
(239, 'Surabaya', 'Jl. Kalianak', 'Jl. Mayjen Sungkono'),
(240, 'Surabaya', 'Jl. Dupak', 'Jl. Mayjen Sungkono'),
(241, 'Surabaya', 'Jl. Demak', 'Jl. Dukuh Kupang'),
(242, 'Surabaya', 'Jl. Tambak Asri', 'Jl. Balas Klumprik'),
(243, 'Surabaya', 'Jl. Tambak Asri', 'Jl. Ngagel Jaya Selatan'),
(244, 'Surabaya', 'Jl. Dupak Rukun', 'Jl. Ngagel Rejo'),
(245, 'Surabaya', 'Jl. Asemrowo', 'Jl. Ngagel Rejo Kidul'),
(246, 'Surabaya', 'Jl. Tambak Mayor', 'Jl. Darmo'),
(247, 'Surabaya', 'Jl. Kalianak', 'Jl. Pasar Kembang'),
(248, 'Surabaya', 'Jl. Tambak Osowilangun', 'Jl. Arjuno'),
(249, 'Surabaya', 'Jl. Margomulyo', 'Jl. Girilaya'),
(250, 'Surabaya', 'Jl. Margomulyo', 'Jl. Putat Jaya'),
(251, 'Surabaya', 'Jl. Balongsari', 'Jl. Banyu Urip'),
(252, 'Surabaya', 'Jl. Tandes', 'Jl. Kupang Gunung'),
(253, 'Banjarmasin', 'Jl. Bibis', 'Jl. Dukuh Kupang'),
(254, 'Banjarmasin', 'Jl. Manukan Wetan', 'Jl. Kranggan'),
(255, 'Banjarmasin', 'Jl. Manukan Kulon', 'Jl. Simo Kwagean'),
(256, 'Banjarmasin', 'Jl. Banjar Sugihan', 'Jl. Pacuan Kuda'),
(257, 'Banjarmasin', 'Jl. Tengger', 'Jl. Tidar'),
(258, 'Banjarmasin', 'Jl. Jugrug Rejosari', 'Jl. Dukuh Kupang'),
(259, 'Banjarmasin', 'Jl. Kyai Amir', 'Jl. Blauran'),
(260, 'Banjarmasin', 'Jl. Manukan Tama', 'Jl. Darmo Kali'),
(261, 'Banjarmasin', 'Jl. Wonorejo', 'Jl. Jagir Wonokromo'),
(262, 'Banjarmasin', 'Jl. Jelidro', 'Jl. Bratang Gede'),
(263, 'Banjarmasin', 'Jl. Kandangan', 'Jl. Mayjen HR. Mohammad'),
(264, 'Banjarmasin', 'Jl. Sememi', 'Jl. Mayjen HR. Mohammad'),
(265, 'Banjarmasin', 'Jl. Kendung', 'Jl. Lakarsantri'),
(266, 'Banjarmasin', 'Jl. Alas Malang', 'Jl. Lontar'),
(267, 'Banjarmasin', 'Jl. Klakahrejo', 'Jl. Bangkingan'),
(268, 'Banjarmasin', 'Jl. Moroseneng', 'Jl. Sumur Welut'),
(269, 'Banjarmasin', 'Jl. Tambak Osowilangun', 'Jl. Sumberan'),
(270, 'Banjarmasin', 'Jl. Pakal', 'Jl. Wisma Lidah Kulon'),
(271, 'Banjarmasin', 'Jl. Raci', 'Jl. Jemur Andayani'),
(272, 'Banjarmasin', 'Jl. Benowo', 'Jl. Kutisari Utara'),
(273, 'Yogyakarta', 'Jl. Babat Jerawat', 'Jl. Kutisari Selatan'),
(274, 'Yogyakarta', 'Jl. Romokalisari', 'Jl. Kendangsari'),
(275, 'Yogyakarta', 'Jl. Singapur', 'Jl. Tenggilis'),
(276, 'Yogyakarta', 'Jl. Alas Malang', 'Jl. Prapen'),
(277, 'Yogyakarta', 'Jl. Made', 'Jl. Rungkut Industri'),
(278, 'Yogyakarta', 'Jl. Ngemplak', 'Jl. Rungkut Industri'),
(279, 'Yogyakarta', 'Jl. Bungkal', 'Jl. Kalirungkut'),
(280, 'Yogyakarta', 'Jl. Sawo', 'Jl. Kedung Baruk'),
(281, 'Yogyakarta', 'Jl. Sambikerep', 'Jl. Kendalsari'),
(282, 'Yogyakarta', 'Jl. Kalijaran', 'Jl. Kendalsari Selatan'),
(283, 'Yogyakarta', 'Jl. Dukuh Bulak Banteng', 'Jl. Wonorejo Timur'),
(284, 'Yogyakarta', 'Jl. Kedinding Lor', 'Jl. Wonorejo Rungkut'),
(285, 'Yogyakarta', 'Jl. Kedungmangu (Kedung Mangu)', 'Jl. Wonorejo Selatan'),
(286, 'Yogyakarta', 'Jl. Randu', 'Jl. Pandugo'),
(287, 'Yogyakarta', 'Jl. Pogot', 'Jl. Medokan Ayu'),
(288, 'Yogyakarta', 'Jl. Kedung Cowek', 'Jl. Medokan Sawah'),
(289, 'Yogyakarta', 'Jl. Nambangan', 'Jl. Wonoayu'),
(290, 'Yogyakarta', 'Jl. Bulak Banteng', 'Jl. Penjaringan Timur'),
(291, 'Yogyakarta', 'Jl. Bulak Banteng Wetan', 'Jl. Rungkut Madya'),
(292, 'Yogyakarta', 'Jl. Bulak Rukem', 'Jl. Zamhuri'),
(293, 'Yogyakarta', 'Jl. Bulak Jaya', 'Jl. Rungkut Madya'),
(294, 'Yogyakarta', 'Jl. Bulak Sari', 'Jl. Zamhuri'),
(295, 'Yogyakarta', 'Jl. Wonokusumo', 'Jl. Rungkut Tengah'),
(296, 'Yogyakarta', 'Jl. Wonosari Lor', 'Jl. Rungkut Menanggal'),
(297, 'Yogyakarta', 'Jl. Karang Tembok', 'Jl. Gunung Anyar Lor'),
(298, 'Singkawang', 'Jl. Sidorame', 'Jl. Gunung Anyar Tengah'),
(299, 'Singkawang', 'Jl. Sultan Iskandar Muda (Eks. Danakarya)', 'Jl. Gunung Anyar Kidul'),
(300, 'Singkawang', 'Jl. Hang Tuah', 'Jl. Gunung Anyar Timur'),
(301, 'Singkawang', 'Jl. Jakarta (Eks. Sarwajala)', 'Jl. Amir Mahmud'),
(302, 'Singkawang', 'Jl. Nyamplungan', 'Jl. Abdul Karim'),
(303, 'Singkawang', 'Jl. Pegirian', 'Jl. Medokan Semampir'),
(304, 'Singkawang', 'Jl. Pegirian', 'Jl. Medokan Keputih'),
(305, 'Singkawang', 'Jl. Simokerto', 'Jl. Semolowaru'),
(306, 'Singkawang', 'Jl. Kenjeran', 'Jl. Sukosemolo'),
(307, 'Singkawang', 'Jl. Tambakrejo', 'Jl. Arief Rachman Hakim'),
(308, 'Singkawang', 'Jl. Kapas Krampung', 'Jl. Keputih'),
(309, 'Singkawang', 'Jl. Tambaksari', 'Jl. Keputih Tegal'),
(310, 'Singkawang', 'Jl. Residen Sudirman', 'Jl. Deles'),
(311, 'Singkawang', 'Jl. Pacar Keling', 'Jl. Menur Pumpungan'),
(312, 'Singkawang', 'Jl. Pacar Kembang', 'Jl. Klampis Jaya'),
(313, 'Blitar', 'Jl. Kalasan', 'Jl. Gebang Putih'),
(314, 'Blitar', 'Jl. Jolotundo', 'Jl. Gebang Lor'),
(315, 'Blitar', 'Jl. Tambang Boyo', 'Jl. KH Ahmad Dahlan'),
(316, 'Blitar', 'Jl. Kedung Tarukan', 'Jl. Kejawan Gebang'),
(317, 'Blitar', 'Jl. Kaliwaron', 'Jl. Kejawan Putih Tambak'),
(318, 'Blitar', 'Jl. Kaliwaron', 'Jl. Manyar Kertoadi'),
(319, 'Blitar', 'Jl. Kalikepiting', 'Jl. Nginden'),
(320, 'Blitar', 'Jl. Karang Asem', 'Jl. Manyar'),
(321, 'Blitar', 'Jl. Bronggalan', 'Jl. Mleto'),
(322, 'Blitar', 'Jl. Putro Agung Wetan', 'Jl. Nginden Semolo'),
(323, 'Blitar', 'Jl. Putra Agung Kulon', 'Jl. Manyar Kertoadi'),
(324, 'Blitar', 'Jl. Kedung Sroko', 'Jl. Mleto'),
(325, 'Blitar', 'Jl. Kenjeran', 'Jl. Kalisari'),
(326, 'Blitar', 'Jl. Simo Gunung', 'Jl. Mulyosari'),
(327, 'Blitar', 'Jl. Simo Gunung', 'Jl. Kejawan Putih Tambak'),
(328, 'Blitar', 'Jl. Tanjungsari', 'Jl. Tempurejo'),
(329, 'Blitar', 'Jl. Sukomanunggal', 'Jl. Mulyorejo'),
(330, 'Blitar', 'Jl. Simo Magersari', 'Jl. Sutorejo'),
(331, 'Blitar', 'Jl. Simo Jawar', 'Jl. Kalijudan'),
(332, 'Blitar', 'Jl. Mayjen HR. Mohammad', 'Jl. Kenjeran'),
(333, 'Blitar', 'Jl. Ahmad Yani', 'Jl. Manyar Kertoarjo'),
(334, 'Blitar', 'Jl. Ahmad Yani', 'Jl. Manyar Sabrangan'),
(335, 'Blitar', 'Jl. Stasiun Wonokromo', 'Jl. Kertajaya Indah'),
(336, 'Blitar', 'Jl. Mastrip', 'Jl. Labansari'),
(337, 'Surabaya', 'Jl. Mastrip', 'Jl. Sulawesi'),
(338, 'Surabaya', 'Jl. Gunungsari', 'Jl. Gubeng'),
(339, 'Surabaya', 'Jl. Joyoboyo', 'Jl. Biliton'),
(340, 'Surabaya', 'Jl. Menganti', 'Jl. Sumatra'),
(341, 'Surabaya', 'Jl. Hayam Wuruk', 'Jl. Manyar'),
(342, 'Surabaya', 'Jl. Gajah Mada', 'Jl. Kertajaya'),
(343, 'Surabaya', 'Jl. Adityawarman', 'Jl. Karang Menjangan'),
(344, 'Surabaya', 'Jl. Ciliwung', 'Jl. Prof. Dr. Moestopo'),
(345, 'Surabaya', 'Jl. Kutai', 'Jl. Kaliwaron'),
(346, 'Surabaya', 'Jl. Indragiri', 'Jl. Menur'),
(347, 'Surabaya', 'Jl. Pulo Wonokromo', 'Jl. Airlangga'),
(348, 'Surabaya', 'Jl. Pagesangan', 'Jl. Srikana'),
(349, 'Surabaya', 'Jl. Jambangan', 'Jl. Dharmawangsa'),
(350, 'Surabaya', 'Jl. Karah', 'Jl. Kertajaya'),
(351, 'Surabaya', 'Jl. Karah Agung', 'Jl. Ngagel Jaya'),
(352, 'Surabaya', 'Jl. Kebon Agung', 'Jl. Pucang Anom Timur'),
(353, 'Surabaya', 'Jl. Gayung Kebonsari', 'Jl. Ngagel Jaya Selatan'),
(354, 'Surabaya', 'Jl. Gayungan PTT', 'Jl. Bratang Jaya'),
(355, 'Surabaya', 'Jl. Dukuh Menanggal', 'Jl. Bratang Binangun'),
(356, 'Surabaya', 'Jl. Ketintang', 'Jl. Karimun Jawa'),
(357, 'Surabaya', 'Jl. Siwalankerto', 'Jl. Sulawesi'),
(358, 'Surabaya', 'Jl. Siwalankerto Timur', 'Jl. Keputran'),
(359, 'Surabaya', 'Jl. Jemursari', 'Jl. Dr. Soetomo'),
(360, 'Surabaya', 'Jl. Margorejo', 'Jl. M. Jasin Polisi Istimewa'),
(361, 'Surabaya', 'Jl. Margorejo Indah', 'Jl. Darmo Kali'),
(362, 'Surabaya', 'Jl. Jemur Andayani', 'Jl. Pandegiling'),
(363, 'Banjarmasin', 'Jl. Prapen', 'Jl. Dinoyo'),
(364, 'Banjarmasin', 'Jl. Ngagel', 'Jl. Darmo'),
(365, 'Banjarmasin', 'Jl. Bendul Merisi', 'Jl. Tegalsari'),
(366, 'Banjarmasin', 'Jl. Bendul Merisi', 'Jl. Kedungsari'),
(367, 'Banjarmasin', 'Jl. Bung Tomo', 'Jl. Pregolan'),
(368, 'Banjarmasin', 'Jl. Mayjen Sungkono', 'Jl. Basuki Rahmat'),
(369, 'Banjarmasin', 'Jl. Mayjen Sungkono', 'Jl. Embong Malang'),
(370, 'Banjarmasin', 'Jl. Mayjen Sungkono', 'Jl. Kedung Doro'),
(371, 'Banjarmasin', 'Jl. Dukuh Kupang', 'Jl. Kombes Pol Duryat'),
(372, 'Banjarmasin', 'Jl. Balas Klumprik', 'Jl. Diponegoro'),
(373, 'Banjarmasin', 'Jl. Ngagel Jaya Selatan', 'Jl. Diponegoro'),
(374, 'Banjarmasin', 'Jl. Ngagel Rejo', 'Jl. Tembok Dukuh'),
(375, 'Banjarmasin', 'Jl. Ngagel Rejo Kidul', 'Jl. Kalibutuh'),
(376, 'Banjarmasin', 'Jl. Darmo', 'Jl. Demak'),
(377, 'Banjarmasin', 'Jl. Pasar Kembang', 'Jl. Semarang'),
(378, 'Banjarmasin', 'Jl. Arjuno', 'Jl. Bubutan'),
(379, 'Banjarmasin', 'Jl. Girilaya', 'Jl. Gemblongan'),
(380, 'Banjarmasin', 'Jl. Putat Jaya', 'Jl. Pahlawan'),
(381, 'Banjarmasin', 'Jl. Banyu Urip', 'Jl. Kramat Gantung'),
(382, 'Banjarmasin', 'Jl. Kupang Gunung', 'Jl. Pasar Turi'),
(383, 'Yogyakarta', 'Jl. Dukuh Kupang', 'Jl. Tembaan'),
(384, 'Yogyakarta', 'Jl. Kranggan', 'Jl. Pasar Besar Wetan'),
(385, 'Yogyakarta', 'Jl. Simo Kwagean', 'Jl. Dupak'),
(386, 'Yogyakarta', 'Jl. Pacuan Kuda', 'Jl. Jepara'),
(387, 'Yogyakarta', 'Jl. Tidar', 'Jl. Rembang'),
(388, 'Yogyakarta', 'Jl. Dukuh Kupang', 'Jl. Tunjungan'),
(389, 'Yogyakarta', 'Jl. Blauran', 'Jl. Jagalan'),
(390, 'Yogyakarta', 'Jl. Darmo Kali', 'Jl. Kalianyar'),
(391, 'Yogyakarta', 'Jl. Jagir Wonokromo', 'Jl. Basuki Rahmat'),
(392, 'Yogyakarta', 'Jl. Bratang Gede', 'Jl. Gubernur Suryo'),
(393, 'Yogyakarta', 'Jl. Mayjen HR. Mohammad', 'Jl. Yos Sudarso'),
(394, 'Yogyakarta', 'Jl. Mayjen HR. Mohammad', 'Jl. Pemuda'),
(395, 'Yogyakarta', 'Jl. Lakarsantri', 'Jl. Panglima Sudirman'),
(396, 'Yogyakarta', 'Jl. Lontar', 'Jl. Gubeng Pojok'),
(397, 'Yogyakarta', 'Jl. Bangkingan', 'Jl. Kaya'),
(398, 'Yogyakarta', 'Jl. Sumur Welut', 'Jl. Walikota Mustajab'),
(399, 'Yogyakarta', 'Jl. Sumberan', 'Jl. Wijaya Kusuma'),
(400, 'Yogyakarta', 'Jl. Bumi', 'Jl. Jaksa Agung Suprapto');

-- --------------------------------------------------------

--
-- Table structure for table `migrations`
--

CREATE TABLE `migrations` (
  `id` int(10) UNSIGNED NOT NULL,
  `migration` varchar(255) COLLATE utf8mb4_unicode_ci NOT NULL,
  `batch` int(11) NOT NULL
) ENGINE=InnoDB DEFAULT CHARSET=utf8mb4 COLLATE=utf8mb4_unicode_ci;

--
-- Dumping data for table `migrations`
--

INSERT INTO `migrations` (`id`, `migration`, `batch`) VALUES
(1, '2014_10_10_000000_create_kota_table', 1),
(2, '2014_10_10_000000_create_truk_table', 1),
(3, '2014_10_11_000000_create_perusahaan_table', 1),
(4, '2014_10_12_000000_create_users_table', 1),
(5, '2019_12_14_000001_create_personal_access_tokens_table', 1),
(6, '2022_10_02_165035_create_pesanan_table', 1),
(7, '2022_10_03_165009_create_penjadwalan_table', 1),
(8, '2022_10_03_165117_create_barang_table', 1),
(9, '2022_10_03_170000_create_surat_angkutan_table', 1),
(10, '2022_10_05_144422_create_retur_table', 1);

-- --------------------------------------------------------

--
-- Table structure for table `penjadwalan`
--

CREATE TABLE `penjadwalan` (
  `id` bigint(20) UNSIGNED NOT NULL,
  `pesanan_id` bigint(20) UNSIGNED NOT NULL,
  `pegawai_id` bigint(20) UNSIGNED NOT NULL,
  `tanggal_kirim` date NOT NULL,
  `tanggal_tiba` date NOT NULL,
  `created_at` timestamp NULL DEFAULT NULL,
  `updated_at` timestamp NULL DEFAULT NULL
) ENGINE=InnoDB DEFAULT CHARSET=utf8mb4 COLLATE=utf8mb4_unicode_ci;

--
-- Dumping data for table `penjadwalan`
--

INSERT INTO `penjadwalan` (`id`, `pesanan_id`, `pegawai_id`, `tanggal_kirim`, `tanggal_tiba`, `created_at`, `updated_at`) VALUES
(1, 1, 3, '2020-09-13', '2020-09-15', '2020-01-01 12:57:44', '2020-01-02 12:57:49'),
(2, 2, 6, '2020-09-14', '2020-09-16', '2020-01-02 12:57:44', '2020-01-03 12:57:49'),
(3, 3, 7, '2020-09-15', '2020-09-17', '2020-01-03 12:57:44', '2020-01-04 12:57:49'),
(4, 4, 8, '2020-09-16', '2020-09-18', '2020-01-04 12:57:44', '2020-01-05 12:57:49'),
(5, 5, 9, '2020-09-17', '2020-09-19', '2020-01-05 12:57:44', '2020-01-06 12:57:49'),
(6, 6, 10, '2020-09-18', '2020-09-20', '2020-01-06 12:57:44', '2020-01-07 12:57:49'),
(7, 7, 11, '2020-09-19', '2020-09-21', '2020-01-07 12:57:44', '2020-01-08 12:57:49'),
(8, 8, 12, '2020-09-20', '2020-09-22', '2020-01-08 12:57:44', '2020-01-09 12:57:49'),
(9, 9, 6, '2020-09-21', '2020-09-23', '2020-01-09 12:57:44', '2020-01-10 12:57:49'),
(10, 10, 7, '2020-09-22', '2020-09-24', '2020-01-10 12:57:44', '2020-01-11 12:57:49'),
(11, 11, 8, '2020-09-23', '2020-09-25', '2020-01-11 12:57:44', '2020-01-12 12:57:49'),
(12, 12, 9, '2020-09-24', '2020-09-26', '2020-01-12 12:57:44', '2020-01-13 12:57:49'),
(13, 13, 10, '2020-09-25', '2020-09-27', '2020-01-13 12:57:44', '2020-01-14 12:57:49'),
(14, 14, 11, '2020-09-26', '2020-09-28', '2020-01-14 12:57:44', '2020-01-15 12:57:49'),
(15, 15, 12, '2020-09-27', '2020-09-29', '2020-01-15 12:57:44', '2020-01-16 12:57:49'),
(16, 16, 6, '2020-09-28', '2020-09-30', '2020-01-16 12:57:44', '2020-01-17 12:57:49'),
(17, 17, 7, '2020-09-29', '2020-10-01', '2020-01-17 12:57:44', '2020-01-18 12:57:49'),
(18, 18, 8, '2020-09-30', '2020-10-02', '2020-01-18 12:57:44', '2020-01-19 12:57:49'),
(19, 19, 9, '2020-10-01', '2020-10-03', '2020-01-19 12:57:44', '2020-01-20 12:57:49'),
(20, 20, 10, '2020-10-02', '2020-10-04', '2020-01-20 12:57:44', '2020-01-21 12:57:49'),
(21, 21, 11, '2020-10-03', '2020-10-05', '2020-01-21 12:57:44', '2020-01-22 12:57:49'),
(22, 22, 12, '2020-10-04', '2020-10-06', '2020-01-22 12:57:44', '2020-01-23 12:57:49'),
(23, 23, 6, '2020-10-05', '2020-10-07', '2020-01-23 12:57:44', '2020-01-24 12:57:49'),
(24, 24, 7, '2020-10-06', '2020-10-08', '2020-01-24 12:57:44', '2020-01-25 12:57:49'),
(25, 25, 8, '2020-10-07', '2020-10-09', '2020-01-25 12:57:44', '2020-01-26 12:57:49'),
(26, 26, 13, '2020-10-08', '2020-10-10', '2020-01-26 12:57:44', '2020-01-27 12:57:49'),
(27, 27, 13, '2020-10-09', '2020-10-11', '2020-01-27 12:57:44', '2020-01-28 12:57:49'),
(28, 28, 13, '2020-10-10', '2020-10-12', '2020-01-28 12:57:44', '2020-01-29 12:57:49'),
(29, 29, 13, '2020-10-11', '2020-10-13', '2020-01-29 12:57:44', '2020-01-30 12:57:49'),
(30, 30, 17, '2020-10-12', '2020-10-14', '2020-01-30 12:57:44', '2020-01-31 12:57:49'),
(31, 31, 17, '2020-10-13', '2020-10-15', '2020-01-31 12:57:44', '2020-02-01 12:57:49'),
(32, 32, 13, '2020-10-14', '2020-10-16', '2020-02-01 12:57:44', '2020-02-02 12:57:49'),
(33, 33, 13, '2020-10-15', '2020-10-17', '2020-02-02 12:57:44', '2020-02-03 12:57:49'),
(34, 34, 14, '2020-10-16', '2020-10-18', '2020-02-03 12:57:44', '2020-02-04 12:57:49'),
(35, 35, 14, '2020-10-17', '2020-10-19', '2020-02-04 12:57:44', '2020-02-05 12:57:49'),
(36, 36, 14, '2020-10-18', '2020-10-20', '2020-02-05 12:57:44', '2020-02-06 12:57:49'),
(37, 37, 14, '2020-10-19', '2020-10-21', '2020-02-06 12:57:44', '2020-02-07 12:57:49'),
(38, 38, 15, '2020-10-20', '2020-10-22', '2020-02-07 12:57:44', '2020-02-08 12:57:49'),
(39, 39, 15, '2020-10-21', '2020-10-23', '2020-02-08 12:57:44', '2020-02-09 12:57:49'),
(40, 40, 15, '2020-10-22', '2020-10-24', '2020-02-09 12:57:44', '2020-02-10 12:57:49'),
(41, 41, 18, '2020-10-23', '2020-10-25', '2020-02-10 12:57:44', '2020-02-11 12:57:49'),
(42, 42, 18, '2020-10-24', '2020-10-26', '2020-02-11 12:57:44', '2020-02-12 12:57:49'),
(43, 43, 18, '2020-10-25', '2020-10-27', '2020-02-12 12:57:44', '2020-02-13 12:57:49'),
(44, 44, 15, '2020-10-26', '2020-10-28', '2020-02-13 12:57:44', '2020-02-14 12:57:49'),
(45, 45, 15, '2020-10-27', '2020-10-29', '2020-02-14 12:57:44', '2020-02-15 12:57:49'),
(46, 46, 15, '2020-10-28', '2020-10-30', '2020-02-15 12:57:44', '2020-02-16 12:57:49'),
(47, 47, 16, '2020-10-29', '2020-10-31', '2020-02-16 12:57:44', '2020-02-17 12:57:49'),
(48, 48, 16, '2020-10-30', '2020-11-01', '2020-02-17 12:57:44', '2020-02-18 12:57:49'),
(49, 49, 17, '2020-10-31', '2020-11-02', '2020-02-18 12:57:44', '2020-02-19 12:57:49'),
(50, 50, 17, '2020-11-01', '2020-11-03', '2020-02-19 12:57:44', '2020-02-20 12:57:49'),
(51, 51, 17, '2020-11-02', '2020-11-04', '2020-02-20 12:57:44', '2020-02-21 12:57:49'),
(52, 52, 19, '2020-11-03', '2020-11-05', '2020-02-21 12:57:44', '2020-02-22 12:57:49'),
(53, 53, 19, '2020-11-04', '2020-11-06', '2020-02-22 12:57:44', '2020-02-23 12:57:49'),
(54, 54, 19, '2020-11-05', '2020-11-07', '2020-02-23 12:57:44', '2020-02-24 12:57:49'),
(55, 55, 19, '2020-11-06', '2020-11-08', '2020-02-24 12:57:44', '2020-02-25 12:57:49'),
(56, 56, 19, '2020-11-07', '2020-11-09', '2020-02-25 12:57:44', '2020-02-26 12:57:49'),
(57, 57, 19, '2020-11-08', '2020-11-10', '2020-02-26 12:57:44', '2020-02-27 12:57:49'),
(58, 58, 20, '2020-11-09', '2020-11-11', '2020-02-27 12:57:44', '2020-02-28 12:57:49'),
(59, 59, 20, '2020-11-10', '2020-11-12', '2020-02-28 12:57:44', '2020-02-29 12:57:49'),
(60, 60, 20, '2020-11-11', '2020-11-13', '2020-02-29 12:57:44', '2020-03-01 12:57:49'),
(61, 61, 20, '2020-11-12', '2020-11-14', '2020-03-01 12:57:44', '2020-03-02 12:57:49'),
(62, 62, 20, '2020-11-13', '2020-11-15', '2020-03-02 12:57:44', '2020-03-03 12:57:49'),
(63, 63, 20, '2020-11-14', '2020-11-16', '2020-03-03 12:57:44', '2020-03-04 12:57:49'),
(64, 64, 20, '2020-11-15', '2020-11-17', '2020-03-04 12:57:44', '2020-03-05 12:57:49'),
(65, 65, 21, '2020-11-16', '2020-11-18', '2020-03-05 12:57:44', '2020-03-06 12:57:49'),
(66, 66, 21, '2020-11-17', '2020-11-19', '2020-03-06 12:57:44', '2020-03-07 12:57:49'),
(67, 67, 21, '2020-11-18', '2020-11-20', '2020-03-07 12:57:44', '2020-03-08 12:57:49'),
(68, 68, 22, '2020-11-19', '2020-11-21', '2020-03-08 12:57:44', '2020-03-09 12:57:49'),
(69, 69, 22, '2020-11-20', '2020-11-22', '2020-03-09 12:57:44', '2020-03-10 12:57:49'),
(70, 70, 22, '2020-11-21', '2020-11-23', '2020-03-10 12:57:44', '2020-03-11 12:57:49'),
(71, 71, 22, '2020-11-22', '2020-11-24', '2020-03-11 12:57:44', '2020-03-12 12:57:49'),
(72, 72, 25, '2020-11-23', '2020-11-25', '2020-03-12 12:57:44', '2020-03-13 12:57:49'),
(73, 73, 25, '2020-11-24', '2020-11-26', '2020-03-13 12:57:44', '2020-03-14 12:57:49'),
(74, 74, 25, '2020-11-25', '2020-11-27', '2020-03-14 12:57:44', '2020-03-15 12:57:49'),
(75, 75, 25, '2020-11-26', '2020-11-28', '2020-03-15 12:57:44', '2020-03-16 12:57:49'),
(76, 76, 25, '2020-11-27', '2020-11-29', '2020-03-16 12:57:44', '2020-03-17 12:57:49'),
(77, 77, 25, '2020-11-28', '2020-11-30', '2020-03-17 12:57:44', '2020-03-18 12:57:49'),
(78, 78, 25, '2020-11-29', '2020-12-01', '2020-03-18 12:57:44', '2020-03-19 12:57:49'),
(79, 79, 25, '2020-11-30', '2020-12-02', '2020-03-19 12:57:44', '2020-03-20 12:57:49'),
(80, 80, 25, '2020-12-01', '2020-12-03', '2020-03-20 12:57:44', '2020-03-21 12:57:49'),
(81, 81, 25, '2020-12-02', '2020-12-04', '2020-03-21 12:57:44', '2020-03-22 12:57:49'),
(82, 82, 25, '2020-12-03', '2020-12-05', '2020-03-22 12:57:44', '2020-03-23 12:57:49'),
(83, 83, 26, '2020-12-04', '2020-12-06', '2020-03-23 12:57:44', '2020-03-24 12:57:49'),
(84, 84, 26, '2020-12-05', '2020-12-07', '2020-03-24 12:57:44', '2020-03-25 12:57:49'),
(85, 85, 26, '2020-12-06', '2020-12-08', '2020-03-25 12:57:44', '2020-03-26 12:57:49'),
(86, 86, 26, '2020-12-07', '2020-12-09', '2020-03-26 12:57:44', '2020-03-27 12:57:49'),
(87, 87, 26, '2020-12-08', '2020-12-10', '2020-03-27 12:57:44', '2020-03-28 12:57:49'),
(88, 88, 27, '2020-12-09', '2020-12-11', '2020-03-28 12:57:44', '2020-03-29 12:57:49'),
(89, 89, 27, '2020-12-10', '2020-12-12', '2020-03-29 12:57:44', '2020-03-30 12:57:49'),
(90, 90, 27, '2020-12-11', '2020-12-13', '2020-03-30 12:57:44', '2020-03-31 12:57:49'),
(91, 91, 27, '2020-12-12', '2020-12-14', '2020-03-31 12:57:44', '2020-04-01 12:57:49'),
(92, 92, 28, '2020-12-13', '2020-12-15', '2020-04-01 12:57:44', '2020-04-02 12:57:49'),
(93, 93, 28, '2020-12-14', '2020-12-16', '2020-04-02 12:57:44', '2020-04-03 12:57:49'),
(94, 94, 28, '2020-12-15', '2020-12-17', '2020-04-03 12:57:44', '2020-04-04 12:57:49'),
(95, 95, 28, '2020-12-16', '2020-12-18', '2020-04-04 12:57:44', '2020-04-05 12:57:49'),
(96, 96, 28, '2020-12-17', '2020-12-19', '2020-04-05 12:57:44', '2020-04-06 12:57:49'),
(97, 97, 31, '2020-12-18', '2020-12-20', '2020-04-06 12:57:44', '2020-04-07 12:57:49'),
(98, 98, 32, '2020-12-19', '2020-12-21', '2020-04-07 12:57:44', '2020-04-08 12:57:49'),
(99, 99, 33, '2020-12-20', '2020-12-22', '2020-04-08 12:57:44', '2020-04-09 12:57:49'),
(100, 100, 34, '2020-12-21', '2020-12-23', '2020-04-09 12:57:44', '2020-04-10 12:57:49'),
(101, 101, 35, '2020-12-22', '2020-12-24', '2020-04-10 12:57:44', '2020-04-11 12:57:49'),
(102, 102, 36, '2020-12-23', '2020-12-25', '2020-04-11 12:57:44', '2020-04-12 12:57:49'),
(103, 103, 31, '2020-12-24', '2020-12-26', '2020-04-12 12:57:44', '2020-04-13 12:57:49'),
(104, 104, 32, '2020-12-25', '2020-12-27', '2020-04-13 12:57:44', '2020-04-14 12:57:49'),
(105, 105, 33, '2020-12-26', '2020-12-28', '2020-04-14 12:57:44', '2020-04-15 12:57:49'),
(106, 106, 34, '2020-12-27', '2020-12-29', '2020-04-15 12:57:44', '2020-04-16 12:57:49'),
(107, 107, 35, '2020-12-28', '2020-12-30', '2020-04-16 12:57:44', '2020-04-17 12:57:49'),
(108, 108, 36, '2020-12-29', '2020-12-31', '2020-04-17 12:57:44', '2020-04-18 12:57:49'),
(109, 109, 31, '2020-12-30', '2021-01-01', '2020-04-18 12:57:44', '2020-04-19 12:57:49'),
(110, 110, 32, '2020-12-31', '2021-01-02', '2020-04-19 12:57:44', '2020-04-20 12:57:49'),
(111, 111, 33, '2021-01-01', '2021-01-03', '2020-04-20 12:57:44', '2020-04-21 12:57:49'),
(112, 112, 6, '2021-01-02', '2021-01-04', '2020-04-21 12:57:44', '2020-04-22 12:57:49'),
(113, 113, 7, '2021-01-03', '2021-01-05', '2020-04-22 12:57:44', '2020-04-23 12:57:49'),
(114, 114, 8, '2021-01-04', '2021-01-06', '2020-04-23 12:57:44', '2020-04-24 12:57:49'),
(115, 115, 9, '2021-01-05', '2021-01-07', '2020-04-24 12:57:44', '2020-04-25 12:57:49'),
(116, 116, 10, '2021-01-06', '2021-01-08', '2020-04-25 12:57:44', '2020-04-26 12:57:49'),
(117, 117, 11, '2021-01-07', '2021-01-09', '2020-04-26 12:57:44', '2020-04-27 12:57:49'),
(118, 118, 12, '2021-01-08', '2021-01-10', '2020-04-27 12:57:44', '2020-04-28 12:57:49'),
(119, 119, 6, '2021-01-09', '2021-01-11', '2020-04-28 12:57:44', '2020-04-29 12:57:49'),
(120, 120, 7, '2021-01-10', '2021-01-12', '2020-04-29 12:57:44', '2020-04-30 12:57:49'),
(121, 121, 8, '2021-01-11', '2021-01-13', '2020-04-30 12:57:44', '2020-05-01 12:57:49'),
(122, 122, 9, '2021-01-12', '2021-01-14', '2020-05-01 12:57:44', '2020-05-02 12:57:49'),
(123, 123, 10, '2021-01-13', '2021-01-15', '2020-05-02 12:57:44', '2020-05-03 12:57:49'),
(124, 124, 11, '2021-01-14', '2021-01-16', '2020-05-03 12:57:44', '2020-05-04 12:57:49'),
(125, 125, 12, '2021-01-15', '2021-01-17', '2020-05-04 12:57:44', '2020-05-05 12:57:49'),
(126, 126, 6, '2021-01-16', '2021-01-18', '2020-05-05 12:57:44', '2020-05-06 12:57:49'),
(127, 127, 7, '2021-01-17', '2021-01-19', '2020-05-06 12:57:44', '2020-05-07 12:57:49'),
(128, 128, 8, '2021-01-18', '2021-01-20', '2020-05-07 12:57:44', '2020-05-08 12:57:49'),
(129, 129, 9, '2021-01-19', '2021-01-21', '2020-05-08 12:57:44', '2020-05-09 12:57:49'),
(130, 130, 10, '2021-01-20', '2021-01-22', '2020-05-09 12:57:44', '2020-05-10 12:57:49'),
(131, 131, 11, '2021-01-21', '2021-01-23', '2020-05-10 12:57:44', '2020-05-11 12:57:49'),
(132, 132, 12, '2021-01-22', '2021-01-24', '2020-05-11 12:57:44', '2020-05-12 12:57:49'),
(133, 133, 6, '2021-01-23', '2021-01-25', '2020-05-12 12:57:44', '2020-05-13 12:57:49'),
(134, 134, 7, '2021-01-24', '2021-01-26', '2020-05-13 12:57:44', '2020-05-14 12:57:49'),
(135, 135, 8, '2021-01-25', '2021-01-27', '2020-05-14 12:57:44', '2020-05-15 12:57:49'),
(136, 136, 13, '2021-01-26', '2021-01-28', '2020-05-15 12:57:44', '2020-05-16 12:57:49'),
(137, 137, 13, '2021-01-27', '2021-01-29', '2020-05-16 12:57:44', '2020-05-17 12:57:49'),
(138, 138, 13, '2021-01-28', '2021-01-30', '2020-05-17 12:57:44', '2020-05-18 12:57:49'),
(139, 139, 13, '2021-01-29', '2021-01-31', '2020-05-18 12:57:44', '2020-05-19 12:57:49'),
(140, 140, 13, '2021-01-30', '2021-02-01', '2020-05-19 12:57:44', '2020-05-20 12:57:49'),
(141, 141, 13, '2021-01-31', '2021-02-02', '2020-05-20 12:57:44', '2020-05-21 12:57:49'),
(142, 142, 14, '2021-02-01', '2021-02-03', '2020-05-21 12:57:44', '2020-05-22 12:57:49'),
(143, 143, 14, '2021-02-02', '2021-02-04', '2020-05-22 12:57:44', '2020-05-23 12:57:49'),
(144, 144, 14, '2021-02-03', '2021-02-05', '2020-05-23 12:57:44', '2020-05-24 12:57:49'),
(145, 145, 14, '2021-02-04', '2021-02-06', '2020-05-24 12:57:44', '2020-05-25 12:57:49'),
(146, 146, 14, '2021-02-05', '2021-02-07', '2020-05-25 12:57:44', '2020-05-26 12:57:49'),
(147, 147, 14, '2021-02-06', '2021-02-08', '2020-05-26 12:57:44', '2020-05-27 12:57:49'),
(148, 148, 14, '2021-02-07', '2021-02-09', '2020-05-27 12:57:44', '2020-05-28 12:57:49'),
(149, 149, 14, '2021-02-08', '2021-02-10', '2020-05-28 12:57:44', '2020-05-29 12:57:49'),
(150, 150, 15, '2021-02-09', '2021-02-11', '2020-05-29 12:57:44', '2020-05-30 12:57:49'),
(151, 151, 15, '2021-02-10', '2021-02-12', '2020-05-30 12:57:44', '2020-05-31 12:57:49'),
(152, 152, 15, '2021-02-11', '2021-02-13', '2020-05-31 12:57:44', '2020-06-01 12:57:49'),
(153, 153, 15, '2021-02-12', '2021-02-14', '2020-06-01 12:57:44', '2020-06-02 12:57:49'),
(154, 154, 15, '2021-02-13', '2021-02-15', '2020-06-02 12:57:44', '2020-06-03 12:57:49'),
(155, 155, 15, '2021-02-14', '2021-02-16', '2020-06-03 12:57:44', '2020-06-04 12:57:49'),
(156, 156, 16, '2021-02-15', '2021-02-17', '2020-06-04 12:57:44', '2020-06-05 12:57:49'),
(157, 157, 16, '2021-02-16', '2021-02-18', '2020-06-05 12:57:44', '2020-06-06 12:57:49'),
(158, 158, 17, '2021-02-17', '2021-02-19', '2020-06-06 12:57:44', '2020-06-07 12:57:49'),
(159, 159, 17, '2021-02-18', '2021-02-20', '2020-06-07 12:57:44', '2020-06-08 12:57:49'),
(160, 160, 18, '2021-02-19', '2021-02-21', '2020-06-08 12:57:44', '2020-06-09 12:57:49'),
(161, 161, 18, '2021-02-20', '2021-02-22', '2020-06-09 12:57:44', '2020-06-10 12:57:49'),
(162, 162, 23, '2021-02-21', '2021-02-23', '2020-06-10 12:57:44', '2020-06-11 12:57:49'),
(163, 163, 23, '2021-02-22', '2021-02-24', '2020-06-11 12:57:44', '2020-06-12 12:57:49'),
(164, 164, 23, '2021-02-23', '2021-02-25', '2020-06-12 12:57:44', '2020-06-13 12:57:49'),
(165, 165, 23, '2021-02-24', '2021-02-26', '2020-06-13 12:57:44', '2020-06-14 12:57:49'),
(166, 166, 23, '2021-02-25', '2021-02-27', '2020-06-14 12:57:44', '2020-06-15 12:57:49'),
(167, 167, 23, '2021-02-26', '2021-02-28', '2020-06-15 12:57:44', '2020-06-16 12:57:49'),
(168, 168, 23, '2021-02-27', '2021-03-01', '2020-06-16 12:57:44', '2020-06-17 12:57:49'),
(169, 169, 23, '2021-02-28', '2021-03-02', '2020-06-17 12:57:44', '2020-06-18 12:57:49'),
(170, 170, 23, '2021-03-01', '2021-03-03', '2020-06-18 12:57:44', '2020-06-19 12:57:49'),
(171, 171, 23, '2021-03-02', '2021-03-04', '2020-06-19 12:57:44', '2020-06-20 12:57:49'),
(172, 172, 23, '2021-03-03', '2021-03-05', '2020-06-20 12:57:44', '2020-06-21 12:57:49'),
(173, 173, 23, '2021-03-04', '2021-03-06', '2020-06-21 12:57:44', '2020-06-22 12:57:49'),
(174, 174, 23, '2021-03-05', '2021-03-07', '2020-06-22 12:57:44', '2020-06-23 12:57:49'),
(175, 175, 24, '2021-03-06', '2021-03-08', '2020-06-23 12:57:44', '2020-06-24 12:57:49'),
(176, 176, 24, '2021-03-07', '2021-03-09', '2020-06-24 12:57:44', '2020-06-25 12:57:49'),
(177, 177, 24, '2021-03-08', '2021-03-10', '2020-06-25 12:57:44', '2020-06-26 12:57:49'),
(178, 178, 24, '2021-03-09', '2021-03-11', '2020-06-26 12:57:44', '2020-06-27 12:57:49'),
(179, 179, 24, '2021-03-10', '2021-03-12', '2020-06-27 12:57:44', '2020-06-28 12:57:49'),
(180, 180, 24, '2021-03-11', '2021-03-13', '2020-06-28 12:57:44', '2020-06-29 12:57:49'),
(181, 181, 24, '2021-03-12', '2021-03-14', '2020-06-29 12:57:44', '2020-06-30 12:57:49'),
(182, 182, 28, '2021-03-13', '2021-03-15', '2020-06-30 12:57:44', '2020-07-01 12:57:49'),
(183, 183, 28, '2021-03-14', '2021-03-16', '2020-07-01 12:57:44', '2020-07-02 12:57:49'),
(184, 184, 28, '2021-03-15', '2021-03-17', '2020-07-02 12:57:44', '2020-07-03 12:57:49'),
(185, 185, 28, '2021-03-16', '2021-03-18', '2020-07-03 12:57:44', '2020-07-04 12:57:49'),
(186, 186, 28, '2021-03-17', '2021-03-19', '2020-07-04 12:57:44', '2020-07-05 12:57:49'),
(187, 187, 28, '2021-03-18', '2021-03-20', '2020-07-05 12:57:44', '2020-07-06 12:57:49'),
(188, 188, 29, '2021-03-19', '2021-03-21', '2020-07-06 12:57:44', '2020-07-07 12:57:49'),
(189, 189, 29, '2021-03-20', '2021-03-22', '2020-07-07 12:57:44', '2020-07-08 12:57:49'),
(190, 190, 29, '2021-03-21', '2021-03-23', '2020-07-08 12:57:44', '2020-07-09 12:57:49'),
(191, 191, 29, '2021-03-22', '2021-03-24', '2020-07-09 12:57:44', '2020-07-10 12:57:49'),
(192, 192, 29, '2021-03-23', '2021-03-25', '2020-07-10 12:57:44', '2020-07-11 12:57:49'),
(193, 193, 29, '2021-03-24', '2021-03-26', '2020-07-11 12:57:44', '2020-07-12 12:57:49'),
(194, 194, 29, '2021-03-25', '2021-03-27', '2020-07-12 12:57:44', '2020-07-13 12:57:49'),
(195, 195, 29, '2021-03-26', '2021-03-28', '2020-07-13 12:57:44', '2020-07-14 12:57:49'),
(196, 196, 30, '2021-03-27', '2021-03-29', '2020-07-14 12:57:44', '2020-07-15 12:57:49'),
(197, 197, 30, '2021-03-28', '2021-03-30', '2020-07-15 12:57:44', '2020-07-16 12:57:49'),
(198, 198, 30, '2021-03-29', '2021-03-31', '2020-07-16 12:57:44', '2020-07-17 12:57:49'),
(199, 199, 30, '2021-03-30', '2021-04-01', '2020-07-17 12:57:44', '2020-07-18 12:57:49'),
(200, 200, 30, '2021-03-31', '2021-04-02', '2020-07-18 12:57:44', '2020-07-19 12:57:49'),
(201, 201, 30, '2021-04-01', '2021-04-03', '2020-07-19 12:57:44', '2020-07-20 12:57:49'),
(202, 202, 30, '2021-04-02', '2021-04-04', '2020-07-20 12:57:44', '2020-07-21 12:57:49'),
(203, 203, 3, '2021-04-03', '2021-04-05', '2020-07-21 12:57:44', '2020-07-22 12:57:49'),
(204, 204, 6, '2021-04-04', '2021-04-06', '2020-07-22 12:57:44', '2020-07-23 12:57:49'),
(205, 205, 7, '2021-04-05', '2021-04-07', '2020-07-23 12:57:44', '2020-07-24 12:57:49'),
(206, 206, 8, '2021-04-06', '2021-04-08', '2020-07-24 12:57:44', '2020-07-25 12:57:49'),
(207, 207, 9, '2021-04-07', '2021-04-09', '2020-07-25 12:57:44', '2020-07-26 12:57:49'),
(208, 208, 10, '2021-04-08', '2021-04-10', '2020-07-26 12:57:44', '2020-07-27 12:57:49'),
(209, 209, 11, '2021-04-09', '2021-04-11', '2020-07-27 12:57:44', '2020-07-28 12:57:49'),
(210, 210, 12, '2021-04-10', '2021-04-12', '2020-07-28 12:57:44', '2020-07-29 12:57:49'),
(211, 211, 6, '2021-04-11', '2021-04-13', '2020-07-29 12:57:44', '2020-07-30 12:57:49'),
(212, 212, 7, '2021-04-12', '2021-04-14', '2020-07-30 12:57:44', '2020-07-31 12:57:49'),
(213, 213, 8, '2021-04-13', '2021-04-15', '2020-07-31 12:57:44', '2020-08-01 12:57:49'),
(214, 214, 9, '2021-04-14', '2021-04-16', '2020-08-01 12:57:44', '2020-08-02 12:57:49'),
(215, 215, 10, '2021-04-15', '2021-04-17', '2020-08-02 12:57:44', '2020-08-03 12:57:49'),
(216, 216, 11, '2021-04-16', '2021-04-18', '2020-08-03 12:57:44', '2020-08-04 12:57:49'),
(217, 217, 12, '2021-04-17', '2021-04-19', '2020-08-04 12:57:44', '2020-08-05 12:57:49'),
(218, 218, 6, '2021-04-18', '2021-04-20', '2020-08-05 12:57:44', '2020-08-06 12:57:49'),
(219, 219, 7, '2021-04-19', '2021-04-21', '2020-08-06 12:57:44', '2020-08-07 12:57:49'),
(220, 220, 8, '2021-04-20', '2021-04-22', '2020-08-07 12:57:44', '2020-08-08 12:57:49'),
(221, 221, 9, '2021-04-21', '2021-04-23', '2020-08-08 12:57:44', '2020-08-09 12:57:49'),
(222, 222, 10, '2021-04-22', '2021-04-24', '2020-08-09 12:57:44', '2020-08-10 12:57:49'),
(223, 223, 11, '2021-04-23', '2021-04-25', '2020-08-10 12:57:44', '2020-08-11 12:57:49'),
(224, 224, 12, '2021-04-24', '2021-04-26', '2020-08-11 12:57:44', '2020-08-12 12:57:49'),
(225, 225, 6, '2021-04-25', '2021-04-27', '2020-08-12 12:57:44', '2020-08-13 12:57:49'),
(226, 226, 7, '2021-04-26', '2021-04-28', '2020-08-13 12:57:44', '2020-08-14 12:57:49'),
(227, 227, 8, '2021-04-27', '2021-04-29', '2020-08-14 12:57:44', '2020-08-15 12:57:49'),
(228, 228, 13, '2021-04-28', '2021-04-30', '2020-08-15 12:57:44', '2020-08-16 12:57:49'),
(229, 229, 13, '2021-04-29', '2021-05-01', '2020-08-16 12:57:44', '2020-08-17 12:57:49'),
(230, 230, 13, '2021-04-30', '2021-05-02', '2020-08-17 12:57:44', '2020-08-18 12:57:49'),
(231, 231, 13, '2021-05-01', '2021-05-03', '2020-08-18 12:57:44', '2020-08-19 12:57:49'),
(232, 232, 17, '2021-05-02', '2021-05-04', '2020-08-19 12:57:44', '2020-08-20 12:57:49'),
(233, 233, 17, '2021-05-03', '2021-05-05', '2020-08-20 12:57:44', '2020-08-21 12:57:49'),
(234, 234, 13, '2021-05-04', '2021-05-06', '2020-08-21 12:57:44', '2020-08-22 12:57:49'),
(235, 235, 13, '2021-05-05', '2021-05-07', '2020-08-22 12:57:44', '2020-08-23 12:57:49'),
(236, 236, 14, '2021-05-06', '2021-05-08', '2020-08-23 12:57:44', '2020-08-24 12:57:49'),
(237, 237, 14, '2021-05-07', '2021-05-09', '2020-08-24 12:57:44', '2020-08-25 12:57:49'),
(238, 238, 14, '2021-05-08', '2021-05-10', '2020-08-25 12:57:44', '2020-08-26 12:57:49'),
(239, 239, 14, '2021-05-09', '2021-05-11', '2020-08-26 12:57:44', '2020-08-27 12:57:49'),
(240, 240, 15, '2021-05-10', '2021-05-12', '2020-08-27 12:57:44', '2020-08-28 12:57:49'),
(241, 241, 15, '2021-05-11', '2021-05-13', '2020-08-28 12:57:44', '2020-08-29 12:57:49'),
(242, 242, 15, '2021-05-12', '2021-05-14', '2020-08-29 12:57:44', '2020-08-30 12:57:49'),
(243, 243, 18, '2021-05-13', '2021-05-15', '2020-08-30 12:57:44', '2020-08-31 12:57:49'),
(244, 244, 18, '2021-05-14', '2021-05-16', '2020-08-31 12:57:44', '2020-09-01 12:57:49'),
(245, 245, 18, '2021-05-15', '2021-05-17', '2020-09-01 12:57:44', '2020-09-02 12:57:49'),
(246, 246, 15, '2021-05-16', '2021-05-18', '2020-09-02 12:57:44', '2020-09-03 12:57:49'),
(247, 247, 15, '2021-05-17', '2021-05-19', '2020-09-03 12:57:44', '2020-09-04 12:57:49'),
(248, 248, 15, '2021-05-18', '2021-05-20', '2020-09-04 12:57:44', '2020-09-05 12:57:49'),
(249, 249, 16, '2021-05-19', '2021-05-21', '2020-09-05 12:57:44', '2020-09-06 12:57:49'),
(250, 250, 16, '2021-05-20', '2021-05-22', '2020-09-06 12:57:44', '2020-09-07 12:57:49'),
(251, 251, 17, '2021-05-21', '2021-05-23', '2020-09-07 12:57:44', '2020-09-08 12:57:49'),
(252, 252, 17, '2021-05-22', '2021-05-24', '2020-09-08 12:57:44', '2020-09-09 12:57:49'),
(253, 253, 17, '2021-05-23', '2021-05-25', '2020-09-09 12:57:44', '2020-09-10 12:57:49'),
(254, 254, 19, '2021-05-24', '2021-05-26', '2020-09-10 12:57:44', '2020-09-11 12:57:49'),
(255, 255, 19, '2021-05-25', '2021-05-27', '2020-09-11 12:57:44', '2020-09-12 12:57:49'),
(256, 256, 19, '2021-05-26', '2021-05-28', '2020-09-12 12:57:44', '2020-09-13 12:57:49'),
(257, 257, 19, '2021-05-27', '2021-05-29', '2020-09-13 12:57:44', '2020-09-14 12:57:49'),
(258, 258, 19, '2021-05-28', '2021-05-30', '2020-09-14 12:57:44', '2020-09-15 12:57:49'),
(259, 259, 19, '2021-05-29', '2021-05-31', '2020-09-15 12:57:44', '2020-09-16 12:57:49'),
(260, 260, 20, '2021-05-30', '2021-06-01', '2020-09-16 12:57:44', '2020-09-17 12:57:49'),
(261, 261, 20, '2021-05-31', '2021-06-02', '2020-09-17 12:57:44', '2020-09-18 12:57:49'),
(262, 262, 20, '2021-06-01', '2021-06-03', '2020-09-18 12:57:44', '2020-09-19 12:57:49'),
(263, 263, 20, '2021-06-02', '2021-06-04', '2020-09-19 12:57:44', '2020-09-20 12:57:49'),
(264, 264, 20, '2021-06-03', '2021-06-05', '2020-09-20 12:57:44', '2020-09-21 12:57:49'),
(265, 265, 20, '2021-06-04', '2021-06-06', '2020-09-21 12:57:44', '2020-09-22 12:57:49'),
(266, 266, 20, '2021-06-05', '2021-06-07', '2020-09-22 12:57:44', '2020-09-23 12:57:49'),
(267, 267, 21, '2021-06-06', '2021-06-08', '2020-09-23 12:57:44', '2020-09-24 12:57:49'),
(268, 268, 21, '2021-06-07', '2021-06-09', '2020-09-24 12:57:44', '2020-09-25 12:57:49'),
(269, 269, 21, '2021-06-08', '2021-06-10', '2020-09-25 12:57:44', '2020-09-26 12:57:49'),
(270, 270, 22, '2021-06-09', '2021-06-11', '2020-09-26 12:57:44', '2020-09-27 12:57:49'),
(271, 271, 22, '2021-06-10', '2021-06-12', '2020-09-27 12:57:44', '2020-09-28 12:57:49'),
(272, 272, 22, '2021-06-11', '2021-06-13', '2020-09-28 12:57:44', '2020-09-29 12:57:49'),
(273, 273, 22, '2021-06-12', '2021-06-14', '2020-09-29 12:57:44', '2020-09-30 12:57:49'),
(274, 274, 25, '2021-06-13', '2021-06-15', '2020-09-30 12:57:44', '2020-10-01 12:57:49'),
(275, 275, 25, '2021-06-14', '2021-06-16', '2020-10-01 12:57:44', '2020-10-02 12:57:49'),
(276, 276, 25, '2021-06-15', '2021-06-17', '2020-10-02 12:57:44', '2020-10-03 12:57:49'),
(277, 277, 25, '2021-06-16', '2021-06-18', '2020-10-03 12:57:44', '2020-10-04 12:57:49'),
(278, 278, 25, '2021-06-17', '2021-06-19', '2020-10-04 12:57:44', '2020-10-05 12:57:49'),
(279, 279, 25, '2021-06-18', '2021-06-20', '2020-10-05 12:57:44', '2020-10-06 12:57:49'),
(280, 280, 25, '2021-06-19', '2021-06-21', '2020-10-06 12:57:44', '2020-10-07 12:57:49'),
(281, 281, 25, '2021-06-20', '2021-06-22', '2020-10-07 12:57:44', '2020-10-08 12:57:49'),
(282, 282, 25, '2021-06-21', '2021-06-23', '2020-10-08 12:57:44', '2020-10-09 12:57:49'),
(283, 283, 25, '2021-06-22', '2021-06-24', '2020-10-09 12:57:44', '2020-10-10 12:57:49'),
(284, 284, 25, '2021-06-23', '2021-06-25', '2020-10-10 12:57:44', '2020-10-11 12:57:49'),
(285, 285, 26, '2021-06-24', '2021-06-26', '2020-10-11 12:57:44', '2020-10-12 12:57:49'),
(286, 286, 26, '2021-06-25', '2021-06-27', '2020-10-12 12:57:44', '2020-10-13 12:57:49'),
(287, 287, 26, '2021-06-26', '2021-06-28', '2020-10-13 12:57:44', '2020-10-14 12:57:49'),
(288, 288, 26, '2021-06-27', '2021-06-29', '2020-10-14 12:57:44', '2020-10-15 12:57:49'),
(289, 289, 26, '2021-06-28', '2021-06-30', '2020-10-15 12:57:44', '2020-10-16 12:57:49'),
(290, 290, 27, '2021-06-29', '2021-07-01', '2020-10-16 12:57:44', '2020-10-17 12:57:49'),
(291, 291, 27, '2021-06-30', '2021-07-02', '2020-10-17 12:57:44', '2020-10-18 12:57:49'),
(292, 292, 27, '2021-07-01', '2021-07-03', '2020-10-18 12:57:44', '2020-10-19 12:57:49'),
(293, 293, 27, '2021-07-02', '2021-07-04', '2020-10-19 12:57:44', '2020-10-20 12:57:49'),
(294, 294, 28, '2021-07-03', '2021-07-05', '2020-10-20 12:57:44', '2020-10-21 12:57:49'),
(295, 295, 28, '2021-07-04', '2021-07-06', '2020-10-21 12:57:44', '2020-10-22 12:57:49'),
(296, 296, 28, '2021-07-05', '2021-07-07', '2020-10-22 12:57:44', '2020-10-23 12:57:49'),
(297, 297, 28, '2021-07-06', '2021-07-08', '2020-10-23 12:57:44', '2020-10-24 12:57:49'),
(298, 298, 28, '2021-07-07', '2021-07-09', '2020-10-24 12:57:44', '2020-10-25 12:57:49'),
(299, 299, 31, '2021-07-08', '2021-07-10', '2020-10-25 12:57:44', '2020-10-26 12:57:49'),
(300, 300, 32, '2021-07-09', '2021-07-11', '2020-10-26 12:57:44', '2020-10-27 12:57:49'),
(301, 301, 33, '2021-07-10', '2021-07-12', '2020-10-27 12:57:44', '2020-10-28 12:57:49'),
(302, 302, 34, '2021-07-11', '2021-07-13', '2020-10-28 12:57:44', '2020-10-29 12:57:49'),
(303, 303, 35, '2021-07-12', '2021-07-14', '2020-10-29 12:57:44', '2020-10-30 12:57:49'),
(304, 304, 36, '2021-07-13', '2021-07-15', '2020-10-30 12:57:44', '2020-10-31 12:57:49'),
(305, 305, 31, '2021-07-14', '2021-07-16', '2020-10-31 12:57:44', '2020-11-01 12:57:49'),
(306, 306, 32, '2021-07-15', '2021-07-17', '2020-11-01 12:57:44', '2020-11-02 12:57:49'),
(307, 307, 33, '2021-07-16', '2021-07-18', '2020-11-02 12:57:44', '2020-11-03 12:57:49'),
(308, 308, 34, '2021-07-17', '2021-07-19', '2020-11-03 12:57:44', '2020-11-04 12:57:49'),
(309, 309, 35, '2021-07-18', '2021-07-20', '2020-11-04 12:57:44', '2020-11-05 12:57:49'),
(310, 310, 36, '2021-07-19', '2021-07-21', '2020-11-05 12:57:44', '2020-11-06 12:57:49'),
(311, 311, 31, '2021-07-20', '2021-07-22', '2020-11-06 12:57:44', '2020-11-07 12:57:49'),
(312, 312, 32, '2021-07-21', '2021-07-23', '2020-11-07 12:57:44', '2020-11-08 12:57:49'),
(313, 313, 33, '2021-07-22', '2021-07-24', '2020-11-08 12:57:44', '2020-11-09 12:57:49'),
(314, 314, 6, '2021-07-23', '2021-07-25', '2020-11-09 12:57:44', '2020-11-10 12:57:49'),
(315, 315, 7, '2021-07-24', '2021-07-26', '2020-11-10 12:57:44', '2020-11-11 12:57:49'),
(316, 316, 8, '2021-07-25', '2021-07-27', '2020-11-11 12:57:44', '2020-11-12 12:57:49'),
(317, 317, 9, '2021-07-26', '2021-07-28', '2020-11-12 12:57:44', '2020-11-13 12:57:49'),
(318, 318, 10, '2021-07-27', '2021-07-29', '2020-11-13 12:57:44', '2020-11-14 12:57:49'),
(319, 319, 11, '2021-07-28', '2021-07-30', '2020-11-14 12:57:44', '2020-11-15 12:57:49'),
(320, 320, 12, '2021-07-29', '2021-07-31', '2020-11-15 12:57:44', '2020-11-16 12:57:49'),
(321, 321, 6, '2021-07-30', '2021-08-01', '2020-11-16 12:57:44', '2020-11-17 12:57:49'),
(322, 322, 7, '2021-07-31', '2021-08-02', '2020-11-17 12:57:44', '2020-11-18 12:57:49'),
(323, 323, 8, '2021-08-01', '2021-08-03', '2020-11-18 12:57:44', '2020-11-19 12:57:49'),
(324, 324, 9, '2021-08-02', '2021-08-04', '2020-11-19 12:57:44', '2020-11-20 12:57:49'),
(325, 325, 10, '2021-08-03', '2021-08-05', '2020-11-20 12:57:44', '2020-11-21 12:57:49'),
(326, 326, 11, '2021-08-04', '2021-08-06', '2020-11-21 12:57:44', '2020-11-22 12:57:49'),
(327, 327, 12, '2021-08-05', '2021-08-07', '2020-11-22 12:57:44', '2020-11-23 12:57:49'),
(328, 328, 6, '2021-08-06', '2021-08-08', '2020-11-23 12:57:44', '2020-11-24 12:57:49'),
(329, 329, 7, '2021-08-07', '2021-08-09', '2020-11-24 12:57:44', '2020-11-25 12:57:49'),
(330, 330, 8, '2021-08-08', '2021-08-10', '2020-11-25 12:57:44', '2020-11-26 12:57:49'),
(331, 331, 9, '2021-08-09', '2021-08-11', '2020-11-26 12:57:44', '2020-11-27 12:57:49'),
(332, 332, 10, '2021-08-10', '2021-08-12', '2020-11-27 12:57:44', '2020-11-28 12:57:49'),
(333, 333, 11, '2021-08-11', '2021-08-13', '2020-11-28 12:57:44', '2020-11-29 12:57:49'),
(334, 334, 12, '2021-08-12', '2021-08-14', '2020-11-29 12:57:44', '2020-11-30 12:57:49'),
(335, 335, 6, '2021-08-13', '2021-08-15', '2020-11-30 12:57:44', '2020-12-01 12:57:49'),
(336, 336, 7, '2021-08-14', '2021-08-16', '2020-12-01 12:57:44', '2020-12-02 12:57:49'),
(337, 337, 8, '2021-08-15', '2021-08-17', '2020-12-02 12:57:44', '2020-12-03 12:57:49'),
(338, 338, 13, '2021-08-16', '2021-08-18', '2020-12-03 12:57:44', '2020-12-04 12:57:49'),
(339, 339, 13, '2021-08-17', '2021-08-19', '2020-12-04 12:57:44', '2020-12-05 12:57:49'),
(340, 340, 13, '2021-08-18', '2021-08-20', '2020-12-05 12:57:44', '2020-12-06 12:57:49'),
(341, 341, 13, '2021-08-19', '2021-08-21', '2020-12-06 12:57:44', '2020-12-07 12:57:49'),
(342, 342, 13, '2021-08-20', '2021-08-22', '2020-12-07 12:57:44', '2020-12-08 12:57:49'),
(343, 343, 13, '2021-08-21', '2021-08-23', '2020-12-08 12:57:44', '2020-12-09 12:57:49'),
(344, 344, 14, '2021-08-22', '2021-08-24', '2020-12-09 12:57:44', '2020-12-10 12:57:49'),
(345, 345, 14, '2021-08-23', '2021-08-25', '2020-12-10 12:57:44', '2020-12-11 12:57:49'),
(346, 346, 14, '2021-08-24', '2021-08-26', '2020-12-11 12:57:44', '2020-12-12 12:57:49'),
(347, 347, 14, '2021-08-25', '2021-08-27', '2020-12-12 12:57:44', '2020-12-13 12:57:49'),
(348, 348, 14, '2021-08-26', '2021-08-28', '2020-12-13 12:57:44', '2020-12-14 12:57:49'),
(349, 349, 14, '2021-08-27', '2021-08-29', '2020-12-14 12:57:44', '2020-12-15 12:57:49'),
(350, 350, 14, '2021-08-28', '2021-08-30', '2020-12-15 12:57:44', '2020-12-16 12:57:49'),
(351, 351, 14, '2021-08-29', '2021-08-31', '2020-12-16 12:57:44', '2020-12-17 12:57:49'),
(352, 352, 15, '2021-08-30', '2021-09-01', '2020-12-17 12:57:44', '2020-12-18 12:57:49'),
(353, 353, 15, '2021-08-31', '2021-09-02', '2020-12-18 12:57:44', '2020-12-19 12:57:49'),
(354, 354, 15, '2021-09-01', '2021-09-03', '2020-12-19 12:57:44', '2020-12-20 12:57:49'),
(355, 355, 15, '2021-09-02', '2021-09-04', '2020-12-20 12:57:44', '2020-12-21 12:57:49'),
(356, 356, 15, '2021-09-03', '2021-09-05', '2020-12-21 12:57:44', '2020-12-22 12:57:49'),
(357, 357, 15, '2021-09-04', '2021-09-06', '2020-12-22 12:57:44', '2020-12-23 12:57:49'),
(358, 358, 16, '2021-09-05', '2021-09-07', '2020-12-23 12:57:44', '2020-12-24 12:57:49'),
(359, 359, 16, '2021-09-06', '2021-09-08', '2020-12-24 12:57:44', '2020-12-25 12:57:49'),
(360, 360, 17, '2021-09-07', '2021-09-09', '2020-12-25 12:57:44', '2020-12-26 12:57:49'),
(361, 361, 17, '2021-09-08', '2021-09-10', '2020-12-26 12:57:44', '2020-12-27 12:57:49'),
(362, 362, 18, '2021-09-09', '2021-09-11', '2020-12-27 12:57:44', '2020-12-28 12:57:49'),
(363, 363, 18, '2021-09-10', '2021-09-12', '2020-12-28 12:57:44', '2020-12-29 12:57:49'),
(364, 364, 23, '2021-09-11', '2021-09-13', '2020-12-29 12:57:44', '2020-12-30 12:57:49'),
(365, 365, 23, '2021-09-12', '2021-09-14', '2020-12-30 12:57:44', '2020-12-31 12:57:49'),
(366, 366, 23, '2021-09-13', '2021-09-15', '2020-12-31 12:57:44', '2021-01-01 12:57:49'),
(367, 367, 23, '2021-09-14', '2021-09-16', '2021-01-01 12:57:44', '2021-01-02 12:57:49'),
(368, 368, 23, '2021-09-15', '2021-09-17', '2021-01-02 12:57:44', '2021-01-03 12:57:49'),
(369, 369, 23, '2021-09-16', '2021-09-18', '2021-01-03 12:57:44', '2021-01-04 12:57:49'),
(370, 370, 23, '2021-09-17', '2021-09-19', '2021-01-04 12:57:44', '2021-01-05 12:57:49'),
(371, 371, 23, '2021-09-18', '2021-09-20', '2021-01-05 12:57:44', '2021-01-06 12:57:49'),
(372, 372, 23, '2021-09-19', '2021-09-21', '2021-01-06 12:57:44', '2021-01-07 12:57:49'),
(373, 373, 23, '2021-09-20', '2021-09-22', '2021-01-07 12:57:44', '2021-01-08 12:57:49'),
(374, 374, 23, '2021-09-21', '2021-09-23', '2021-01-08 12:57:44', '2021-01-09 12:57:49'),
(375, 375, 23, '2021-09-22', '2021-09-24', '2021-01-09 12:57:44', '2021-01-10 12:57:49'),
(376, 376, 23, '2021-09-23', '2021-09-25', '2021-01-10 12:57:44', '2021-01-11 12:57:49'),
(377, 377, 24, '2021-09-24', '2021-09-26', '2021-01-11 12:57:44', '2021-01-12 12:57:49'),
(378, 378, 24, '2021-09-25', '2021-09-27', '2021-01-12 12:57:44', '2021-01-13 12:57:49'),
(379, 379, 24, '2021-09-26', '2021-09-28', '2021-01-13 12:57:44', '2021-01-14 12:57:49'),
(380, 380, 24, '2021-09-27', '2021-09-29', '2021-01-14 12:57:44', '2021-01-15 12:57:49'),
(381, 381, 24, '2021-09-28', '2021-09-30', '2021-01-15 12:57:44', '2021-01-16 12:57:49'),
(382, 382, 24, '2021-09-29', '2021-10-01', '2021-01-16 12:57:44', '2021-01-17 12:57:49'),
(383, 383, 24, '2021-09-30', '2021-10-02', '2021-01-17 12:57:44', '2021-01-18 12:57:49'),
(384, 384, 28, '2021-10-01', '2021-10-03', '2021-01-18 12:57:44', '2021-01-19 12:57:49'),
(385, 385, 28, '2021-10-02', '2021-10-04', '2021-01-19 12:57:44', '2021-01-20 12:57:49'),
(386, 386, 28, '2021-10-03', '2021-10-05', '2021-01-20 12:57:44', '2021-01-21 12:57:49'),
(387, 387, 28, '2021-10-04', '2021-10-06', '2021-01-21 12:57:44', '2021-01-22 12:57:49'),
(388, 388, 28, '2021-10-05', '2021-10-07', '2021-01-22 12:57:44', '2021-01-23 12:57:49'),
(389, 389, 28, '2021-10-06', '2021-10-08', '2021-01-23 12:57:44', '2021-01-24 12:57:49'),
(390, 390, 29, '2021-10-07', '2021-10-09', '2021-01-24 12:57:44', '2021-01-25 12:57:49'),
(391, 391, 29, '2021-10-08', '2021-10-10', '2021-01-25 12:57:44', '2021-01-26 12:57:49'),
(392, 392, 29, '2021-10-09', '2021-10-11', '2021-01-26 12:57:44', '2021-01-27 12:57:49'),
(393, 393, 29, '2021-10-10', '2021-10-12', '2021-01-27 12:57:44', '2021-01-28 12:57:49'),
(394, 394, 29, '2021-10-11', '2021-10-13', '2021-01-28 12:57:44', '2021-01-29 12:57:49'),
(395, 395, 29, '2021-10-12', '2021-10-14', '2021-01-29 12:57:44', '2021-01-30 12:57:49'),
(396, 396, 29, '2021-10-13', '2021-10-15', '2021-01-30 12:57:44', '2021-01-31 12:57:49'),
(397, 397, 29, '2021-10-14', '2021-10-16', '2021-01-31 12:57:44', '2021-02-01 12:57:49'),
(398, 398, 30, '2021-10-15', '2021-10-17', '2021-02-01 12:57:44', '2021-02-02 12:57:49'),
(399, 399, 30, '2021-10-16', '2021-10-18', '2021-02-02 12:57:44', '2021-02-03 12:57:49'),
(400, 400, 30, '2021-10-17', '2021-10-19', '2021-02-03 12:57:44', '2021-02-04 12:57:49');

-- --------------------------------------------------------

--
-- Table structure for table `personal_access_tokens`
--

CREATE TABLE `personal_access_tokens` (
  `id` bigint(20) UNSIGNED NOT NULL,
  `tokenable_type` varchar(255) COLLATE utf8mb4_unicode_ci NOT NULL,
  `tokenable_id` bigint(20) UNSIGNED NOT NULL,
  `name` varchar(255) COLLATE utf8mb4_unicode_ci NOT NULL,
  `token` varchar(64) COLLATE utf8mb4_unicode_ci NOT NULL,
  `abilities` text COLLATE utf8mb4_unicode_ci DEFAULT NULL,
  `last_used_at` timestamp NULL DEFAULT NULL,
  `created_at` timestamp NULL DEFAULT NULL,
  `updated_at` timestamp NULL DEFAULT NULL
) ENGINE=InnoDB DEFAULT CHARSET=utf8mb4 COLLATE=utf8mb4_unicode_ci;

-- --------------------------------------------------------

--
-- Table structure for table `perusahaan`
--

CREATE TABLE `perusahaan` (
  `id` bigint(20) UNSIGNED NOT NULL,
  `nama` varchar(255) COLLATE utf8mb4_unicode_ci NOT NULL,
  `alamat` text COLLATE utf8mb4_unicode_ci NOT NULL,
  `no_telepon` varchar(255) COLLATE utf8mb4_unicode_ci NOT NULL,
  `kota_id` bigint(20) UNSIGNED NOT NULL,
  `created_at` timestamp NULL DEFAULT NULL,
  `updated_at` timestamp NULL DEFAULT NULL
) ENGINE=InnoDB DEFAULT CHARSET=utf8mb4 COLLATE=utf8mb4_unicode_ci;

--
-- Dumping data for table `perusahaan`
--

INSERT INTO `perusahaan` (`id`, `nama`, `alamat`, `no_telepon`, `kota_id`, `created_at`, `updated_at`) VALUES
(1, 'JNE Blitar', 'Jl. Ir. Soekarno No.61', '082237772121', 75, '2022-10-05 20:03:00', '2022-12-06 12:56:40'),
(2, 'JNE Surabaya', 'Jl. Raya Menur No.72', '081515688289', 444, '2022-12-06 12:56:02', '2022-12-06 12:56:48'),
(3, 'JNE Banjarmasin', 'Jl. Gatot Subroto No.43 - 45', '085249655688', 36, '2022-12-06 13:10:47', '2022-12-06 13:20:28'),
(4, 'JNE Yogyakarta', 'Jl. Sorogenen No.196', '02744605812', 501, '2022-12-06 13:21:33', '2022-12-06 13:21:45'),
(5, 'JNE Singkawang', 'Jl. Merdeka No.1', '02129278888', 415, '2022-12-06 13:30:36', '2022-12-06 13:30:36');

-- --------------------------------------------------------

--
-- Table structure for table `pesanan`
--

CREATE TABLE `pesanan` (
  `id` bigint(20) UNSIGNED NOT NULL,
  `perusahaan_id` bigint(20) UNSIGNED NOT NULL,
  `user_id` bigint(20) UNSIGNED NOT NULL,
  `nama_pengirim` varchar(255) COLLATE utf8mb4_unicode_ci NOT NULL,
  `nama_penerima` text COLLATE utf8mb4_unicode_ci NOT NULL,
  `alamat_pengirim` text COLLATE utf8mb4_unicode_ci NOT NULL,
  `alamat_penerima` text COLLATE utf8mb4_unicode_ci NOT NULL,
  `tanggal_kirim` datetime NOT NULL,
  `tanggal_tiba` datetime NOT NULL,
  `truk_id` bigint(20) UNSIGNED NOT NULL,
  `berat` int(11) NOT NULL,
  `ongkos` bigint(20) NOT NULL,
  `status` tinyint(4) NOT NULL DEFAULT 0,
  `jenis_pesanan` varchar(255) COLLATE utf8mb4_unicode_ci NOT NULL,
  `created_at` timestamp NULL DEFAULT NULL,
  `updated_at` timestamp NULL DEFAULT NULL
) ENGINE=InnoDB DEFAULT CHARSET=utf8mb4 COLLATE=utf8mb4_unicode_ci;

--
-- Dumping data for table `pesanan`
--

INSERT INTO `pesanan` (`id`, `perusahaan_id`, `user_id`, `nama_pengirim`, `nama_penerima`, `alamat_pengirim`, `alamat_penerima`, `tanggal_kirim`, `tanggal_tiba`, `truk_id`, `berat`, `ongkos`, `status`, `jenis_pesanan`, `created_at`, `updated_at`) VALUES
(1, 1, 2, 'Tono', 'Andy', 'Jl.Cempaka', 'Jl.Anggrek', '2020-09-13 00:00:00', '2020-09-15 00:00:00', 2, 6, 150000, 1, 'bedak', '2020-01-01 12:57:44', '2020-01-02 12:57:49'),
(2, 1, 2, 'Michael Goenawan', 'Sinta', 'Jl.Cempaka', 'Jl.Mekar', '2020-09-14 00:00:00', '2020-09-16 00:00:00', 2, 10, 10000, 2, 'indomie goreng', '2020-01-02 12:57:44', '2020-01-03 12:57:49'),
(3, 1, 2, 'Michael Goenawan', 'Luna', 'Jl.Cempaka', 'Jl.Suka', '2020-09-15 00:00:00', '2020-09-17 00:00:00', 2, 15, 150000, 6, 'indomie goreng', '2020-01-03 12:57:44', '2020-01-04 12:57:49'),
(4, 1, 2, 'Antonio', 'Alya', 'Jl.Cempaka', 'Jl.bintang', '2020-09-16 00:00:00', '2020-09-18 00:00:00', 2, 1, 10000, 6, 'susu', '2020-01-04 12:57:44', '2020-01-05 12:57:49'),
(5, 1, 2, 'Michael Jackson Purwanto Widjaja', 'Dwi', 'Jl.Cempaka', 'Jl.Bulan', '2020-09-17 00:00:00', '2020-09-19 00:00:00', 2, 12, 150000, 6, 'mie gelas', '2020-01-05 12:57:44', '2020-01-06 12:57:49'),
(6, 1, 2, 'Michael Mary Mackay Seward', 'Ani', 'Jl.Cempaka', 'Jl.Water ', '2020-09-18 00:00:00', '2020-09-20 00:00:00', 2, 12, 150000, 6, 'baju', '2020-01-06 12:57:44', '2020-01-07 12:57:49'),
(7, 1, 2, 'MICHAEL PATRICK DONNELLY', 'Gina', 'Jl.Cempaka', 'Jl. Medokan Semampir', '2020-09-19 00:00:00', '2020-09-21 00:00:00', 2, 10, 150000, 6, 'celana', '2020-01-07 12:57:44', '2020-01-08 12:57:49'),
(8, 1, 2, 'Michael Rusli', 'Sindy', 'Jl.Cempaka', 'Jl. Medokan Keputih', '2020-09-20 00:00:00', '2020-09-22 00:00:00', 3, 12, 150000, 1, 'indomie goreng', '2020-01-08 12:57:44', '2020-01-09 12:57:49'),
(9, 1, 2, 'Michael Seabrook', 'Rani', 'Jl.Cempaka', 'Jl. Semolowaru', '2020-09-21 00:00:00', '2020-09-23 00:00:00', 3, 4, 150000, 2, 'toner', '2020-01-09 12:57:44', '2020-01-10 12:57:49'),
(10, 1, 2, 'Michael Steven', 'Lusi ', 'Jl.Cempaka', 'Jl. Sukosemolo', '2020-09-22 00:00:00', '2020-09-24 00:00:00', 3, 1, 10000, 3, 'topi', '2020-01-10 12:57:44', '2020-01-11 12:57:49'),
(11, 1, 2, 'Ingrid Kusumodjojo', 'Hari ', 'Jl.Cempaka', 'Jl. Arief Rachman Hakim', '2020-09-23 00:00:00', '2020-09-25 00:00:00', 3, 5, 10000, 4, 'mie gelas', '2020-01-11 12:57:44', '2020-01-12 12:57:49'),
(12, 1, 2, 'Michael Tjahjadi', 'Andy', 'Jl. Ahmad Yani', 'Jl. Keputih', '2020-09-24 00:00:00', '2020-09-26 00:00:00', 3, 2, 100000, 5, 'jam', '2020-01-12 12:57:44', '2020-01-13 12:57:49'),
(13, 1, 2, 'Michael Twomey', 'Bagus', 'Jl. Stasiun Wonokromo', 'Jl. Keputih Tegal', '2020-09-25 00:00:00', '2020-09-27 00:00:00', 3, 4, 20000, 6, 'mukena', '2020-01-13 12:57:44', '2020-01-14 12:57:49'),
(14, 1, 2, 'arsal', 'Randy ', 'Jl. Mastrip', 'Jl. Deles', '2020-09-26 00:00:00', '2020-09-28 00:00:00', 3, 15, 30000, 1, 'indomie goreng', '2020-01-14 12:57:44', '2020-01-15 12:57:49'),
(15, 1, 2, 'anjar', 'Soni', 'Jl. Mastrip', 'Jl. Menur Pumpungan', '2020-09-27 00:00:00', '2020-09-29 00:00:00', 3, 1, 10000, 2, 'sandal ', '2020-01-15 12:57:44', '2020-01-16 12:57:49'),
(16, 1, 2, 'angga', 'Joko', 'Jl. Gunungsari', 'Jl. Klampis Jaya', '2020-09-28 00:00:00', '2020-09-30 00:00:00', 3, 12, 10000, 6, 'indomie goreng', '2020-01-16 12:57:44', '2020-01-17 12:57:49'),
(17, 1, 2, 'farhan', 'Sandy ', 'Jl. Joyoboyo', 'Jl. Gebang Putih', '2020-09-29 00:00:00', '2020-10-01 00:00:00', 3, 13, 10000, 6, 'baju', '2020-01-17 12:57:44', '2020-01-18 12:57:49'),
(18, 1, 2, 'maulana', 'Rizky', 'Jl. Menganti', 'Jl. Gebang Lor', '2020-09-30 00:00:00', '2020-10-02 00:00:00', 3, 1, 20000, 6, 'buku tulis', '2020-01-18 12:57:44', '2020-01-19 12:57:49'),
(19, 1, 2, 'alvin', 'Bombi', 'Jl. Hayam Wuruk', 'Jl. KH Ahmad Dahlan', '2020-10-01 00:00:00', '2020-10-03 00:00:00', 3, 1, 30000, 6, 'gelang', '2020-01-19 12:57:44', '2020-01-20 12:57:49'),
(20, 1, 2, 'bimo', 'Zaki', 'Jl. Gajah Mada', 'Jl. Kejawan Gebang', '2020-10-02 00:00:00', '2020-10-04 00:00:00', 4, 2, 10000, 6, 'kalung', '2020-01-20 12:57:44', '2020-01-21 12:57:49'),
(21, 1, 2, 'tegar', 'Wendi', 'Jl. Adityawarman', 'Jl. Kejawan Putih Tambak', '2020-10-03 00:00:00', '2020-10-05 00:00:00', 4, 4, 10000, 1, 'handphone', '2020-01-21 12:57:44', '2020-01-22 12:57:49'),
(22, 1, 2, 'adit', 'Sopo', 'Jl. Ciliwung', 'Jl. Manyar Kertoadi', '2020-10-04 00:00:00', '2020-10-06 00:00:00', 4, 28, 50000, 2, 'indomie goreng', '2020-01-22 12:57:44', '2020-01-23 12:57:49'),
(23, 1, 2, 'rizal', 'Jarwo', 'Jl. Kutai', 'Jl. Nginden', '2020-10-05 00:00:00', '2020-10-07 00:00:00', 4, 15, 10000, 3, 'indomie goreng', '2020-01-23 12:57:44', '2020-01-24 12:57:49'),
(24, 1, 2, 'yono', 'bejo', 'Jl. Indragiri', 'Jl. Manyar', '2020-10-06 00:00:00', '2020-10-08 00:00:00', 4, 12, 150000, 4, 'baju', '2020-01-24 12:57:44', '2020-01-25 12:57:49'),
(25, 2, 2, 'suroso', 'sukiman', 'Jl. Pulo Wonokromo', 'Jl. Mleto', '2020-10-07 00:00:00', '2020-10-09 00:00:00', 5, 9, 10000, 5, 'indomie goreng', '2020-01-25 12:57:44', '2020-01-26 12:57:49'),
(26, 2, 2, 'richard', 'budiman', 'Jl. Pagesangan', 'Jl. Nginden Semolo', '2020-10-08 00:00:00', '2020-10-10 00:00:00', 5, 10, 10000, 6, 'indomie goreng', '2020-01-26 12:57:44', '2020-01-27 12:57:49'),
(27, 2, 2, 'sambo', 'A. Budi Pranoto', 'Jl. Jambangan', 'Jl. Manyar Kertoadi', '2020-10-09 00:00:00', '2020-10-11 00:00:00', 5, 1, 100000, 1, 'botol minum', '2020-01-27 12:57:44', '2020-01-28 12:57:49'),
(28, 2, 2, 'ferdy', 'AAJ BATAVIA', 'Jl. Karah', 'Jl. Mleto', '2020-10-10 00:00:00', '2020-10-12 00:00:00', 5, 7, 20000, 2, 'mie gelas', '2020-01-28 12:57:44', '2020-01-29 12:57:49'),
(29, 2, 2, 'toni', 'Aam Dewi Hamidah', 'Jl. Karah Agung', 'Jl. Kalisari', '2020-10-11 00:00:00', '2020-10-13 00:00:00', 5, 4, 30000, 6, 'jaket', '2020-01-29 12:57:44', '2020-01-30 12:57:49'),
(30, 2, 2, 'bagas', 'Aarti Lohia', 'Jl. Kebon Agung', 'Jl. Mulyosari', '2020-10-12 00:00:00', '2020-10-14 00:00:00', 5, 22, 90000, 6, 'indomie goreng', '2020-01-30 12:57:44', '2020-01-31 12:57:49'),
(31, 2, 2, 'sindy', 'Abdul Hadi Ismail', 'Jl. Gayung Kebonsari', 'Jl. Kejawan Putih Tambak', '2020-10-13 00:00:00', '2020-10-15 00:00:00', 5, 10, 10000, 6, 'bedak', '2020-01-31 12:57:44', '2020-02-01 12:57:49'),
(32, 2, 2, 'tara', 'Abdul Rachman', 'Jl. Gayungan PTT', 'Jl. Tempurejo', '2020-10-14 00:00:00', '2020-10-16 00:00:00', 5, 8, 20000, 6, 'indomie goreng', '2020-02-01 12:57:44', '2020-02-02 12:57:49'),
(33, 2, 2, 'juna', 'Abdul Rahman', 'Jl. Dukuh Menanggal', 'Jl. Mulyorejo', '2020-10-15 00:00:00', '2020-10-17 00:00:00', 5, 1, 10000, 6, 'boneka', '2020-02-02 12:57:44', '2020-02-03 12:57:49'),
(34, 2, 2, 'sofi', 'Abdul Rifai Natanegara', 'Jl. Ketintang', 'Jl. Sutorejo', '2020-10-16 00:00:00', '2020-10-18 00:00:00', 5, 25, 150000, 1, 'susu', '2020-02-03 12:57:44', '2020-02-04 12:57:49'),
(35, 2, 2, 'riri', 'Abdul Slam TAHIR', 'Jl. Siwalankerto', 'Jl. Kalijudan', '2020-10-17 00:00:00', '2020-10-19 00:00:00', 5, 8, 10000, 2, 'mie gelas', '2020-02-04 12:57:44', '2020-02-05 12:57:49'),
(36, 2, 2, 'tifa', 'Abdul Slam Tahir', 'Jl. Siwalankerto Timur', 'Jl. Kenjeran', '2020-10-18 00:00:00', '2020-10-20 00:00:00', 5, 10, 100000, 3, 'baju', '2020-02-05 12:57:44', '2020-02-06 12:57:49'),
(37, 2, 2, 'vani', 'Abdullah Alatas', 'Jl. Jemursari', 'Jl. Manyar Kertoarjo', '2020-10-19 00:00:00', '2020-10-21 00:00:00', 5, 5, 100000, 4, 'celana', '2020-02-06 12:57:44', '2020-02-07 12:57:49'),
(38, 2, 2, 'tegar', 'Abu Djaja Bunjamin', 'Jl. Margorejo', 'Jl. Manyar Sabrangan', '2020-10-20 00:00:00', '2020-10-22 00:00:00', 6, 6, 30000, 5, 'gula', '2020-02-07 12:57:44', '2020-02-08 12:57:49'),
(39, 2, 2, 'MOHAMMAD LENDI BASARAH', 'Abu Hermanto Budiono', 'Jl. Margorejo Indah', 'Jl. Kertajaya Indah', '2020-10-21 00:00:00', '2020-10-23 00:00:00', 6, 9, 90000, 6, 'baju', '2020-02-08 12:57:44', '2020-02-09 12:57:49'),
(40, 2, 2, 'Mohammad Mas Pendi Soleh', 'Achirsyah Moeis', 'Jl. Jemur Andayani', 'Jl. Labansari', '2020-10-22 00:00:00', '2020-10-24 00:00:00', 6, 8, 10000, 1, 'baju', '2020-02-09 12:57:44', '2020-02-10 12:57:49'),
(41, 2, 2, 'Mohammad Noah Haji', 'Achmad Fadjar', 'Jl. Prapen', 'Jl. Sulawesi', '2020-10-23 00:00:00', '2020-10-25 00:00:00', 6, 8, 10000, 2, 'mie gelas', '2020-02-10 12:57:44', '2020-02-11 12:57:49'),
(42, 2, 2, 'Mohan N. Mirpuri', 'Achmad faried Joesoef', 'Jl. Ngagel', 'Jl. Gubeng', '2020-10-24 00:00:00', '2020-10-26 00:00:00', 6, 12, 10000, 6, 'jam', '2020-02-11 12:57:44', '2020-02-12 12:57:49'),
(43, 2, 2, 'MOHIT RAMCHAND VASWANI', 'Achmad Faried Joesoef', 'Jl. Bendul Merisi', 'Jl. Biliton', '2020-10-25 00:00:00', '2020-10-27 00:00:00', 7, 12, 100000, 6, 'mukena', '2020-02-12 12:57:44', '2020-02-13 12:57:49'),
(44, 2, 2, 'Monalita Kardono Soegiarto', 'Achmad Kalla', 'Jl. Bendul Merisi', 'Jl. Sumatra', '2020-10-26 00:00:00', '2020-10-28 00:00:00', 7, 10, 90000, 6, 'jilbab', '2020-02-13 12:57:44', '2020-02-14 12:57:49'),
(45, 2, 2, 'Monica Yoanita Octavia', 'Achmad Latief Alwy', 'Jl. Bung Tomo', 'Jl. Manyar', '2020-10-27 00:00:00', '2020-10-29 00:00:00', 7, 12, 30000, 6, 'sandal ', '2020-02-14 12:57:44', '2020-02-15 12:57:49'),
(46, 2, 2, 'Morgan Tjoe', 'Achmad Nugraha Djuanda', 'Jl. Mayjen Sungkono', 'Jl. Kertajaya', '2020-10-28 00:00:00', '2020-10-30 00:00:00', 7, 5, 10000, 6, 'mie gelas', '2020-02-15 12:57:44', '2020-02-16 12:57:49'),
(47, 2, 2, 'Morgan Tjoe', 'Achmad Sandi', 'Jl. Mayjen Sungkono', 'Jl. Karang Menjangan', '2020-10-29 00:00:00', '2020-10-31 00:00:00', 7, 1, 10000, 1, 'pensil', '2020-02-16 12:57:44', '2020-02-17 12:57:49'),
(48, 2, 2, 'Motinggo Soputan', 'Achmad', 'Jl. Mayjen Sungkono', 'Jl. Prof. Dr. Moestopo', '2020-10-30 00:00:00', '2020-11-01 00:00:00', 7, 6, 10000, 2, 'indomie goreng', '2020-02-17 12:57:44', '2020-02-18 12:57:49'),
(49, 2, 2, 'Motinggo Soputan', 'ADAM SAUTIN', 'Jl. Dukuh Kupang', 'Jl. Kaliwaron', '2020-10-31 00:00:00', '2020-11-02 00:00:00', 7, 1, 40000, 3, 'gelang', '2020-02-18 12:57:44', '2020-02-19 12:57:49'),
(50, 2, 2, 'Arifin Yohan', 'ADAM SAUTIN', 'Jl. Balas Klumprik', 'Jl. Menur', '2020-11-01 00:00:00', '2020-11-03 00:00:00', 7, 15, 40000, 4, 'kalung', '2020-02-19 12:57:44', '2020-02-20 12:57:49'),
(51, 3, 2, 'Aris Sunarko', 'Ade R. Syarief', 'Jl. Ngagel Jaya Selatan', 'Jl. Airlangga', '2020-11-02 00:00:00', '2020-11-04 00:00:00', 8, 1, 10000, 5, 'handphone', '2020-02-20 12:57:44', '2020-02-21 12:57:49'),
(52, 3, 2, 'Burhansjah', 'ADE TJAKRALAKSANA', 'Jl. Ngagel Rejo', 'Jl. Srikana', '2020-11-03 00:00:00', '2020-11-05 00:00:00', 8, 9, 10000, 6, 'mie gelas', '2020-02-21 12:57:44', '2020-02-22 12:57:49'),
(53, 3, 2, 'Koh Tji Beng', 'Ade Tjakralaksana', 'Jl. Ngagel Rejo Kidul', 'Jl. Dharmawangsa', '2020-11-04 00:00:00', '2020-11-06 00:00:00', 8, 12, 40000, 1, 'indomie goreng', '2020-02-22 12:57:44', '2020-02-23 12:57:49'),
(54, 3, 2, 'Liem Henry', 'Ade Tjakralaksana', 'Jl. Darmo', 'Jl. Kertajaya', '2020-11-05 00:00:00', '2020-11-07 00:00:00', 8, 10, 10000, 2, 'baju', '2020-02-23 12:57:44', '2020-02-24 12:57:49'),
(55, 3, 2, 'Marimutu Siniran', 'ADELINA PRASETIO', 'Jl. Pasar Kembang', 'Jl. Ngagel Jaya', '2020-11-06 00:00:00', '2020-11-08 00:00:00', 8, 12, 100000, 6, 'indomie goreng', '2020-02-24 12:57:44', '2020-02-25 12:57:49'),
(56, 3, 2, 'Nono Fadjartyassasono Padmodimuljo', 'Adhi Utomo', 'Jl. Arjuno', 'Jl. Pucang Anom Timur', '2020-11-07 00:00:00', '2020-11-09 00:00:00', 8, 4, 20000, 6, 'masker duckbil', '2020-02-25 12:57:44', '2020-02-26 12:57:49'),
(57, 3, 2, 'Ulian Napsiah', 'ADHI UTOMO JUSMAN', 'Jl. Girilaya', 'Jl. Ngagel Jaya Selatan', '2020-11-08 00:00:00', '2020-11-10 00:00:00', 8, 1, 30000, 6, 'botol minum', '2020-02-26 12:57:44', '2020-02-27 12:57:49'),
(58, 3, 2, 'Welly', 'ADI BISONO', 'Jl. Putat Jaya', 'Jl. Bratang Jaya', '2020-11-09 00:00:00', '2020-11-11 00:00:00', 8, 11, 90000, 6, 'mie gelas', '2020-02-27 12:57:44', '2020-02-28 12:57:49'),
(59, 3, 2, 'William Goenawan', 'ADI BISONO', 'Jl. Banyu Urip', 'Jl. Bratang Binangun', '2020-11-10 00:00:00', '2020-11-12 00:00:00', 8, 1, 10000, 6, 'indomie goreng', '2020-02-28 12:57:44', '2020-02-29 12:57:49'),
(60, 3, 2, 'Eddy Goenawan', 'Adi Sasono', 'Jl. Kupang Gunung', 'Jl. Karimun Jawa', '2020-11-11 00:00:00', '2020-11-13 00:00:00', 9, 15, 40000, 1, 'indomie goreng', '2020-02-29 12:57:44', '2020-03-01 12:57:49'),
(61, 3, 2, 'Salim Aziz Mochdar', 'Adi Sumito', 'Jl. Dukuh Kupang', 'Jl. Sulawesi', '2020-11-12 00:00:00', '2020-11-14 00:00:00', 9, 1, 50000, 2, 'bedak', '2020-03-01 12:57:44', '2020-03-02 12:57:49'),
(62, 3, 2, 'THOMSON', 'Adimitra Baratama Nusantara', 'Jl. Kranggan', 'Jl. Keputran', '2020-11-13 00:00:00', '2020-11-15 00:00:00', 9, 12, 30000, 3, 'indomie goreng', '2020-03-02 12:57:44', '2020-03-03 12:57:49'),
(63, 3, 2, 'Josephine Budi Santoso', 'Aditya Koeswojo', 'Jl. Simo Kwagean', 'Jl. Dr. Soetomo', '2020-11-14 00:00:00', '2020-11-16 00:00:00', 9, 12, 40000, 4, 'boneka', '2020-03-03 12:57:44', '2020-03-04 12:57:49'),
(64, 3, 2, 'Lina Ovani', 'Adji Muljo Teguh', 'Jl. Pacuan Kuda', 'Jl. M. Jasin Polisi Istimewa', '2020-11-15 00:00:00', '2020-11-17 00:00:00', 9, 10, 10000, 5, 'susu', '2020-03-04 12:57:44', '2020-03-05 12:57:49'),
(65, 3, 2, 'Masiana Wijaya ', 'Adnan Kelana Haryanto ', 'Jl. Tidar', 'Jl. Darmo Kali', '2020-11-16 00:00:00', '2020-11-18 00:00:00', 9, 10, 10000, 6, 'mie gelas', '2020-03-05 12:57:44', '2020-03-06 12:57:49'),
(66, 3, 2, 'Theresia Noerpeni Padmodimuljo', 'ADRI ACHMAD DRAJAT', 'Jl. Dukuh Kupang', 'Jl. Pandegiling', '2020-11-17 00:00:00', '2020-11-19 00:00:00', 9, 9, 100000, 1, 'baju', '2020-03-06 12:57:44', '2020-03-07 12:57:49'),
(67, 3, 2, 'Affin', 'Adriana Maya Politon', 'Jl. Blauran', 'Jl. Dinoyo', '2020-11-18 00:00:00', '2020-11-20 00:00:00', 10, 1, 90000, 1, 'celana', '2020-03-07 12:57:44', '2020-03-08 12:57:49'),
(68, 3, 2, 'Arifin Ton', 'Adryansyah', 'Jl. Darmo Kali', 'Jl. Darmo', '2020-11-19 00:00:00', '2020-11-21 00:00:00', 10, 1, 30000, 1, 'gula', '2020-03-08 12:57:44', '2020-03-09 12:57:49'),
(69, 3, 2, 'Rohani Indahsi', 'Afandi Hermawan Oey', 'Jl. Jagir Wonokromo', 'Jl. Tegalsari', '2020-11-20 00:00:00', '2020-11-22 00:00:00', 10, 1, 10000, 1, 'toner', '2020-03-09 12:57:44', '2020-03-10 12:57:49'),
(70, 3, 2, 'Taxes', 'Afandi Hermawan Oey', 'Jl. Bratang Gede', 'Jl. Kedungsari', '2020-11-21 00:00:00', '2020-11-23 00:00:00', 10, 2, 10000, 1, 'topi', '2020-03-10 12:57:44', '2020-03-11 12:57:49'),
(71, 4, 2, 'Handayani Andokho', 'Agam Nugraha Subagdja', 'Jl. Mayjen HR. Mohammad', 'Jl. Pregolan', '2020-11-22 00:00:00', '2020-11-24 00:00:00', 11, 4, 10000, 1, 'sepatu', '2020-03-11 12:57:44', '2020-03-12 12:57:49'),
(72, 4, 2, 'Muchsin', 'Ago Harlim', 'Jl. Mayjen HR. Mohammad', 'Jl. Basuki Rahmat', '2020-11-23 00:00:00', '2020-11-25 00:00:00', 11, 5, 50000, 1, 'mie gelas', '2020-03-12 12:57:44', '2020-03-13 12:57:49'),
(73, 4, 2, 'Muddai Madang', 'Agoeng Noegroho', 'Jl. Lakarsantri', 'Jl. Embong Malang', '2020-11-24 00:00:00', '2020-11-26 00:00:00', 11, 5, 50000, 1, 'mie gelas', '2020-03-13 12:57:44', '2020-03-14 12:57:49'),
(74, 4, 2, 'Mugijanto Sugijono', 'Agung Podomoro Group', 'Jl. Lontar', 'Jl. Kedung Doro', '2020-11-25 00:00:00', '2020-11-27 00:00:00', 11, 2, 10000, 1, 'jilbab', '2020-03-14 12:57:44', '2020-03-15 12:57:49'),
(75, 4, 2, 'Muhammad Agus', 'Agung Salim', 'Jl. Bangkingan', 'Jl. Kombes Pol Duryat', '2020-11-26 00:00:00', '2020-11-28 00:00:00', 11, 4, 10000, 1, 'sandal ', '2020-03-15 12:57:44', '2020-03-16 12:57:49'),
(76, 4, 2, 'Herman Iskandar', 'Agung Tobing', 'Jl. Sumur Welut', 'Jl. Diponegoro', '2020-11-27 00:00:00', '2020-11-29 00:00:00', 11, 13, 50000, 1, 'indomie goreng', '2020-03-16 12:57:44', '2020-03-17 12:57:49'),
(77, 4, 2, 'HERMAN ISKANDAR', 'Agus Djohari', 'Jl. Sumberan', 'Jl. Diponegoro', '2020-11-28 00:00:00', '2020-11-30 00:00:00', 11, 1, 10000, 1, 'pensil', '2020-03-17 12:57:44', '2020-03-18 12:57:49'),
(78, 4, 2, 'Herman Iskandar', 'AGUS HARTONO LIE', 'Jl. Wisma Lidah Kulon', 'Jl. Tembok Dukuh', '2020-11-29 00:00:00', '2020-12-01 00:00:00', 11, 10, 10000, 1, 'indomie goreng', '2020-03-18 12:57:44', '2020-03-19 12:57:49'),
(79, 4, 2, 'Herman Karmana', 'Agus Lasmono Sudwikatmono', 'Jl. Jemur Andayani', 'Jl. Kalibutuh', '2020-11-30 00:00:00', '2020-12-02 00:00:00', 11, 10, 20000, 2, 'indomie goreng', '2020-03-19 12:57:44', '2020-03-20 12:57:49'),
(80, 4, 2, 'Herman Moeliana', 'Agus Leman Gunawan', 'Jl. Kutisari Utara', 'Jl. Demak', '2020-12-01 00:00:00', '2020-12-03 00:00:00', 11, 1, 30000, 6, 'kalung', '2020-03-20 12:57:44', '2020-03-21 12:57:49'),
(81, 4, 2, 'Herman Nagaria', 'AGUS MAKMUR', 'Jl. Kutisari Selatan', 'Jl. Semarang', '2020-12-02 00:00:00', '2020-12-04 00:00:00', 12, 1, 10000, 6, 'handphone', '2020-03-21 12:57:44', '2020-03-22 12:57:49'),
(82, 4, 2, 'Herman Nagaria', 'Agus Nursalim', 'Jl. Kendangsari', 'Jl. Bubutan', '2020-12-03 00:00:00', '2020-12-05 00:00:00', 12, 2, 10000, 6, 'sweater', '2020-03-22 12:57:44', '2020-03-23 12:57:49'),
(83, 4, 2, 'Herman Wijaya', 'Agus Pranoto Setiadi', 'Jl. Tenggilis', 'Jl. Gemblongan', '2020-12-04 00:00:00', '2020-12-06 00:00:00', 12, 15, 50000, 6, 'indomie goreng', '2020-03-23 12:57:44', '2020-03-24 12:57:49'),
(84, 4, 2, 'Herman ', 'Agus Purnomo Edhi', 'Jl. Prapen', 'Jl. Pahlawan', '2020-12-05 00:00:00', '2020-12-07 00:00:00', 12, 15, 30000, 6, 'sapu', '2020-03-24 12:57:44', '2020-03-25 12:57:49'),
(85, 4, 2, 'HERMAN', 'Agus Soenong ', 'Jl. Rungkut Industri', 'Jl. Kramat Gantung', '2020-12-06 00:00:00', '2020-12-08 00:00:00', 12, 5, 20000, 1, 'taplak meja', '2020-03-25 12:57:44', '2020-03-26 12:57:49'),
(86, 4, 2, 'Hermani Soeprapto', 'Agus Suherman Wirjan', 'Jl. Rungkut Industri', 'Jl. Pasar Turi', '2020-12-07 00:00:00', '2020-12-09 00:00:00', 12, 6, 10000, 2, 'mie gelas', '2020-03-26 12:57:44', '2020-03-27 12:57:49'),
(87, 4, 2, 'HERMANSJAH TAMIN', 'AGUS SUSANTO', 'Jl. Kalirungkut', 'Jl. Tembaan', '2020-12-08 00:00:00', '2020-12-10 00:00:00', 12, 7, 10000, 3, 'botol minum', '2020-03-27 12:57:44', '2020-03-28 12:57:49'),
(88, 4, 2, 'Hermanto Tangkau Adrian', 'Agus Tjandra', 'Jl. Kedung Baruk', 'Jl. Pasar Besar Wetan', '2020-12-09 00:00:00', '2020-12-11 00:00:00', 12, 20, 70000, 4, 'mie gelas', '2020-03-28 12:57:44', '2020-03-29 12:57:49'),
(89, 4, 2, 'HERMIJANTO TOTO', 'AGUS WIDAGDO', 'Jl. Kendalsari', 'Jl. Dupak', '2020-12-10 00:00:00', '2020-12-12 00:00:00', 12, 8, 10000, 5, 'indomie goreng', '2020-03-29 12:57:44', '2020-03-30 12:57:49'),
(90, 4, 2, 'HERRY KARYANING CIPTO', 'Agustinus Prasetio', 'Jl. Kendalsari Selatan', 'Jl. Jepara', '2020-12-11 00:00:00', '2020-12-13 00:00:00', 12, 12, 70000, 6, 'indomie goreng', '2020-03-30 12:57:44', '2020-03-31 12:57:49'),
(91, 4, 2, 'Herry Mirza Putera', 'Agustinus Wishnu Handoyono', 'Jl. Wonorejo Timur', 'Jl. Rembang', '2020-12-12 00:00:00', '2020-12-14 00:00:00', 13, 10, 10000, 2, 'bedak', '2020-03-31 12:57:44', '2020-04-01 12:57:49'),
(92, 4, 2, 'Herry Mirza ', 'AGUSTON MAKMUR', 'Jl. Wonorejo Rungkut', 'Jl. Tunjungan', '2020-12-13 00:00:00', '2020-12-15 00:00:00', 13, 12, 10000, 6, 'indomie goreng', '2020-04-01 12:57:44', '2020-04-02 12:57:49'),
(93, 4, 2, 'Herry Wibowo', 'Ahadiat Wargana', 'Jl. Wonorejo Selatan', 'Jl. Jagalan', '2020-12-14 00:00:00', '2020-12-16 00:00:00', 13, 4, 10000, 6, 'boneka', '2020-04-02 12:57:44', '2020-04-03 12:57:49'),
(94, 4, 2, 'Hertono', 'AHMAD DIPODITIRO', 'Jl. Pandugo', 'Jl. Kalianyar', '2020-12-15 00:00:00', '2020-12-17 00:00:00', 13, 1, 10000, 6, 'susu', '2020-04-03 12:57:44', '2020-04-04 12:57:49'),
(95, 4, 2, 'HERU HIDAYAT', 'AHMAD MARDA', 'Jl. Medokan Ayu', 'Jl. Basuki Rahmat', '2020-12-16 00:00:00', '2020-12-18 00:00:00', 13, 6, 70000, 6, 'mie gelas', '2020-04-04 12:57:44', '2020-04-05 12:57:49'),
(96, 5, 2, 'Heru Soesanto Gusti', 'Ahmad Rahman Pasaman', 'Jl. Medokan Sawah', 'Jl. Gubernur Suryo', '2020-12-17 00:00:00', '2020-12-19 00:00:00', 14, 1, 10000, 6, 'baju', '2020-04-05 12:57:44', '2020-04-06 12:57:49'),
(97, 5, 2, 'Heru Sucahyo', 'Ahmaddin Ahmad', 'Jl. Wonoayu', 'Jl. Yos Sudarso', '2020-12-18 00:00:00', '2020-12-20 00:00:00', 14, 15, 10000, 1, 'mie gelas', '2020-04-06 12:57:44', '2020-04-07 12:57:49'),
(98, 5, 2, 'Herumanlo Zaini', 'Ahmaddin Ahmad', 'Jl. Penjaringan Timur', 'Jl. Pemuda', '2020-12-19 00:00:00', '2020-12-21 00:00:00', 14, 1, 50000, 2, 'mie gelas', '2020-04-07 12:57:44', '2020-04-08 12:57:49'),
(99, 5, 2, 'Hesti Femi Nugraheny', 'Ahmaddin Ahmad', 'Jl. Rungkut Madya', 'Jl. Panglima Sudirman', '2020-12-20 00:00:00', '2020-12-22 00:00:00', 14, 12, 10000, 3, 'baju', '2020-04-08 12:57:44', '2020-04-09 12:57:49'),
(100, 5, 2, 'Hesye Silya Mamesah', 'AHMADES MIQAILLA', 'Jl. Zamhuri', 'Jl. Gubeng Pojok', '2020-12-21 00:00:00', '2020-12-23 00:00:00', 14, 12, 10000, 4, 'topi', '2020-04-09 12:57:44', '2020-04-10 12:57:49'),
(101, 5, 2, 'Hetty Heryati Sumantri', 'AHSANIL GUSNAWATI', 'Jl. Rungkut Madya', 'Jl. Kayoon / Kayun', '2020-12-22 00:00:00', '2020-12-24 00:00:00', 14, 10, 20000, 5, 'sepatu', '2020-04-10 12:57:44', '2020-04-11 12:57:49'),
(102, 5, 2, 'Hetty Indrakasih Soetikno', 'Aida Ishak', 'Jl. Zamhuri', 'Jl. Walikota Mustajab', '2020-12-23 00:00:00', '2020-12-25 00:00:00', 15, 12, 30000, 6, 'jam', '2020-04-11 12:57:44', '2020-04-12 12:57:49'),
(103, 5, 2, 'HIANG.TJE', 'AIRIN OKTAVIANY GUNAWAN', 'Jl. Rungkut Tengah', 'Jl. Wijaya Kusuma', '2020-12-24 00:00:00', '2020-12-26 00:00:00', 15, 4, 10000, 2, 'mie gelas', '2020-04-12 12:57:44', '2020-04-13 12:57:49'),
(104, 5, 2, 'Hianto', 'Aiwy', 'Jl. Rungkut Menanggal', 'Jl. Jaksa Agung Suprapto', '2020-12-25 00:00:00', '2020-12-27 00:00:00', 15, 1, 10000, 6, 'jilbab', '2020-04-13 12:57:44', '2020-04-14 12:57:49'),
(105, 5, 2, 'Hilary Richard Bolton', 'Aizid Syafriel Adjam', 'Jl. Gunung Anyar Lor', 'Jl. Simpang Dukuh', '2020-12-26 00:00:00', '2020-12-28 00:00:00', 15, 12, 50000, 6, 'sandal ', '2020-04-14 12:57:44', '2020-04-15 12:57:49'),
(106, 5, 2, 'Hilary Richard ', 'AIZID SYAFRIEL ADJAM', 'Jl. Gunung Anyar Tengah', 'Jl. Undaan Wetan', '2020-12-27 00:00:00', '2020-12-29 00:00:00', 15, 10, 10000, 6, 'kacamata', '2020-04-15 12:57:44', '2020-04-16 12:57:49'),
(107, 5, 2, 'Hilda Noveda Kaliman', 'AJI BAYU WIRROTAMA', 'Jl. Gunung Anyar Kidul', 'Jl. Undaan Kulon', '2020-12-28 00:00:00', '2020-12-30 00:00:00', 16, 12, 10000, 6, 'pensil', '2020-04-16 12:57:44', '2020-04-17 12:57:49'),
(108, 5, 2, 'Hilmi Panigoro', 'Aji Bayu Wirrotama', 'Jl. Gunung Anyar Timur', 'Jl. Kusuma Bangsa', '2020-12-29 00:00:00', '2020-12-31 00:00:00', 16, 4, 10000, 6, 'buku tulis', '2020-04-17 12:57:44', '2020-04-18 12:57:49'),
(109, 5, 2, 'Hilton King', 'AJI WIJAYA', 'Jl. Amir Mahmud', 'Jl. Stasiun Gubeng', '2020-12-30 00:00:00', '2021-01-01 00:00:00', 16, 1, 50000, 1, 'mie gelas', '2020-04-18 12:57:44', '2020-04-19 12:57:49'),
(110, 5, 2, 'Hilton R. King', 'Akbar Yoso Trisedia', 'Jl. Abdul Karim', 'Jl. Kapasari', '2020-12-31 00:00:00', '2021-01-02 00:00:00', 16, 6, 10000, 2, 'kalung', '2020-04-19 12:57:44', '2020-04-20 12:57:49'),
(111, 1, 2, 'Irwandy Ma Rajabasa', 'Jimmy Namara', 'Jl. Medokan Keputih', 'Jl. Panglima Sudirman', '2021-01-01 00:00:00', '2021-01-03 00:00:00', 2, 1, 20000, 1, 'mie gelas', '2020-04-20 12:57:44', '2020-04-21 12:57:49'),
(112, 1, 2, 'Isenta Hioe', 'Jimmy Samantha', 'Jl. Semolowaru', 'Jl. Gubeng Pojok', '2021-01-02 00:00:00', '2021-01-04 00:00:00', 2, 15, 100000, 2, 'sweater', '2020-04-21 12:57:44', '2020-04-22 12:57:49'),
(113, 1, 2, 'Ishak Sumarno', 'Jimmy Suryanto Budhi', 'Jl. Sukosemolo', 'Jl. Kayoon / Kayun', '2021-01-03 00:00:00', '2021-01-05 00:00:00', 2, 1, 40000, 6, 'kunciran', '2020-04-22 12:57:44', '2020-04-23 12:57:49'),
(114, 1, 2, 'Iskandar Tanuwidjaja', 'Jimmy Tjahjanto', 'Jl. Arief Rachman Hakim', 'Jl. Walikota Mustajab', '2021-01-04 00:00:00', '2021-01-06 00:00:00', 2, 12, 40000, 6, 'baju', '2020-04-23 12:57:44', '2020-04-24 12:57:49'),
(115, 1, 2, 'Ismail Hirawan', 'Jimmy Welianto Siauw', 'Jl. Keputih', 'Jl. Wijaya Kusuma', '2021-01-05 00:00:00', '2021-01-07 00:00:00', 2, 12, 35000, 6, 'taplak meja', '2020-04-24 12:57:44', '2020-04-25 12:57:49'),
(116, 1, 2, 'Ismail Hirawan', 'Jimmy Ziepo Setiawan', 'Jl. Keputih Tegal', 'Jl. Jaksa Agung Suprapto', '2021-01-06 00:00:00', '2021-01-08 00:00:00', 2, 10, 10000, 6, 'masker duckbil', '2020-04-25 12:57:44', '2020-04-26 12:57:49'),
(117, 1, 2, 'ISMAN AYUB', 'JIO TIEN CAROLYNA', 'Jl. Deles', 'Jl. Simpang Dukuh', '2021-01-07 00:00:00', '2021-01-09 00:00:00', 2, 12, 10000, 6, 'botol minum', '2020-04-26 12:57:44', '2020-04-27 12:57:49'),
(118, 1, 2, 'Istini Siddharta', 'Jiohan Sebastian', 'Jl. Menur Pumpungan', 'Jl. Undaan Wetan', '2021-01-08 00:00:00', '2021-01-10 00:00:00', 3, 4, 50000, 1, 'mie gelas', '2020-04-27 12:57:44', '2020-04-28 12:57:49'),
(119, 1, 2, 'Istini Tatiek Siddharta', 'Jo Andreson Wiharjo', 'Jl. Klampis Jaya', 'Jl. Undaan Kulon', '2021-01-09 00:00:00', '2021-01-11 00:00:00', 3, 1, 10000, 2, 'indomie goreng', '2020-04-28 12:57:44', '2020-04-29 12:57:49'),
(120, 1, 2, 'Itjendri Suitono Thio', 'Jo Gasyanto', 'Jl. Gebang Putih', 'Jl. Kusuma Bangsa', '2021-01-10 00:00:00', '2021-01-12 00:00:00', 3, 12, 10000, 3, 'indomie goreng', '2020-04-29 12:57:44', '2020-04-30 12:57:49'),
(121, 1, 2, 'Ivan Budiono', 'Jo Liat Tjiang', 'Jl. Gebang Lor', 'Jl. Stasiun Gubeng', '2021-01-11 00:00:00', '2021-01-13 00:00:00', 3, 10, 20000, 4, 'bedak', '2020-04-30 12:57:44', '2020-05-01 12:57:49'),
(122, 1, 2, 'IVAN HENRY', 'Jo Souw Koan', 'Jl. KH Ahmad Dahlan', 'Jl. Kapasari', '2021-01-12 00:00:00', '2021-01-14 00:00:00', 3, 12, 30000, 5, 'indomie goreng', '2020-05-01 12:57:44', '2020-05-02 12:57:49'),
(123, 1, 2, 'Ivan Setiawan Tan', 'Jo Tjin Khoen', 'Jl. Kejawan Gebang', 'Jl. Achmad Jais', '2021-01-13 00:00:00', '2021-01-15 00:00:00', 3, 4, 10000, 6, 'boneka', '2020-05-02 12:57:44', '2020-05-03 12:57:49'),
(124, 1, 2, 'Ivantara Dviyudha', 'Joachim U. Rohn', 'Jl. Kejawan Putih Tambak', 'Jl. Peneleh', '2021-01-14 00:00:00', '2021-01-16 00:00:00', 3, 1, 10000, 1, 'susu', '2020-05-03 12:57:44', '2020-05-04 12:57:49'),
(125, 1, 2, 'Ivantara Dviyudha', 'Joachim Ulrich ROHN', 'Jl. Manyar Kertoadi', 'Jl. Ngemplak', '2021-01-15 00:00:00', '2021-01-17 00:00:00', 3, 6, 50000, 2, 'mie gelas', '2020-05-04 12:57:44', '2020-05-05 12:57:49'),
(126, 1, 2, 'Ivonny Budiono', 'Joachim V. Rohn', 'Jl. Nginden', 'Jl. Genteng Kali', '2021-01-16 00:00:00', '2021-01-18 00:00:00', 3, 1, 36000, 6, 'baju', '2020-05-05 12:57:44', '2020-05-06 12:57:49'),
(127, 1, 2, 'IVY LIANAWATI', 'Jocelin Yohan Yau', 'Jl. Manyar', 'Jl. Ambengan', '2021-01-17 00:00:00', '2021-01-19 00:00:00', 3, 15, 20000, 6, 'celana', '2020-05-06 12:57:44', '2020-05-07 12:57:49'),
(128, 1, 2, 'Iwa Sewaka', 'Jodi Haryanto', 'Jl. Mleto', 'Jl. Ngaglik', '2021-01-18 00:00:00', '2021-01-20 00:00:00', 3, 1, 90000, 6, 'gula', '2020-05-07 12:57:44', '2020-05-08 12:57:49'),
(129, 1, 2, 'Iwan Dewono Budi Juwono', 'Joe Su Fun', 'Jl. Nginden Semolo', 'Jl. Gembong', '2021-01-19 00:00:00', '2021-01-21 00:00:00', 3, 12, 10000, 6, 'toner', '2020-05-08 12:57:44', '2020-05-09 12:57:49'),
(130, 1, 2, 'Iwan Hardja', 'Joeliardi Sunendar', 'Jl. Manyar Kertoadi', 'Jl. Pecindilan', '2021-01-20 00:00:00', '2021-01-22 00:00:00', 4, 12, 20000, 6, 'topi', '2020-05-09 12:57:44', '2020-05-10 12:57:49'),
(131, 1, 2, 'Iwan Margana', 'Joesril Hainim', 'Jl. Mleto', 'Jl. Sonokembang', '2021-01-21 00:00:00', '2021-01-23 00:00:00', 4, 10, 10000, 1, 'sepatu', '2020-05-10 12:57:44', '2020-05-11 12:57:49'),
(132, 1, 2, 'Iwan Margana', 'JOGI HENDRA ATMADJA', 'Jl. Kalisari', 'Jl. Jagalan', '2021-01-22 00:00:00', '2021-01-24 00:00:00', 4, 12, 150000, 2, 'jam', '2020-05-11 12:57:44', '2020-05-12 12:57:49'),
(133, 1, 2, 'Iwan Rosadi Widyapranolo', 'Johan Alexander Supit', 'Jl. Mulyosari', 'Jl. Pengampon', '2021-01-23 00:00:00', '2021-01-25 00:00:00', 4, 4, 10000, 3, 'mukena', '2020-05-12 12:57:44', '2020-05-13 12:57:49'),
(134, 1, 2, 'Iwan Ruwiyadi', 'JOHAN ARIFKAJA ADI LESMANA', 'Jl. Kejawan Putih Tambak', 'Jl. Gembong', '2021-01-24 00:00:00', '2021-01-26 00:00:00', 4, 1, 100000, 4, 'jilbab', '2020-05-13 12:57:44', '2020-05-14 12:57:49'),
(135, 2, 2, 'Iwan Samsuddin', 'JOHAN SOEDIBJO', 'Jl. Tempurejo', 'Jl. Stasiun Kota', '2021-01-25 00:00:00', '2021-01-27 00:00:00', 5, 12, 100000, 5, 'sandal ', '2020-05-14 12:57:44', '2020-05-15 12:57:49'),
(136, 2, 2, 'Joesoef', 'JOHAN T. GILBERT', 'Jl. Mulyorejo', 'Jl. Kembang Jepun', '2021-01-26 00:00:00', '2021-01-28 00:00:00', 5, 10, 30000, 6, 'kacamata', '2020-05-15 12:57:44', '2020-05-16 12:57:49'),
(137, 2, 2, 'Iwan Valiant Joesoef', 'Johan Tandean', 'Jl. Sutorejo', 'Jl. Dukuh', '2021-01-27 00:00:00', '2021-01-29 00:00:00', 5, 12, 90000, 1, 'baju', '2020-05-16 12:57:44', '2020-05-17 12:57:49'),
(138, 2, 2, 'Marwan', 'Johana Poedjokerto', 'Jl. Kalijudan', 'Jl. Jakarta', '2021-01-28 00:00:00', '2021-01-30 00:00:00', 5, 4, 10000, 2, 'buku tulis', '2020-05-17 12:57:44', '2020-05-18 12:57:49'),
(139, 2, 2, 'J. C. Gosa', 'JOHANAS HERKIAMTO', 'Jl. Kenjeran', 'Jl. Perak Timur', '2021-01-29 00:00:00', '2021-01-31 00:00:00', 5, 1, 10000, 6, 'gelang', '2020-05-18 12:57:44', '2020-05-19 12:57:49'),
(140, 2, 2, 'Jackson Chu', 'JOHANES GUNAWAN', 'Jl. Manyar Kertoarjo', 'Jl. Perak Barat', '2021-01-30 00:00:00', '2021-02-01 00:00:00', 5, 6, 10000, 6, 'kalung', '2020-05-19 12:57:44', '2020-05-20 12:57:49'),
(141, 2, 2, 'Jacky Afandi', 'Johanes Kennedy Aritonang', 'Jl. Manyar Sabrangan', 'Jl. Kalimas Baru', '2021-01-31 00:00:00', '2021-02-02 00:00:00', 5, 1, 100000, 6, 'baju', '2020-05-20 12:57:44', '2020-05-21 12:57:49'),
(142, 2, 2, 'Jacky Soerya Santoso', 'Johanes Susilo', 'Jl. Kertajaya Indah', 'Jl. Jembatan Merah', '2021-02-01 00:00:00', '2021-02-03 00:00:00', 5, 15, 90000, 6, 'sweater', '2020-05-21 12:57:44', '2020-05-22 12:57:49'),
(143, 2, 2, 'JACOB ANTUNG KANG', 'JOHANES TANG WIDJAJA', 'Jl. Labansari', 'Jl. Veteran', '2021-02-02 00:00:00', '2021-02-04 00:00:00', 5, 1, 30000, 6, 'kunciran', '2020-05-22 12:57:44', '2020-05-23 12:57:49'),
(144, 2, 2, 'Jacob Soetoyo', 'Johannes Goenawan', 'Jl. Sulawesi', 'Jl. Kebonrojo', '2021-02-03 00:00:00', '2021-02-05 00:00:00', 5, 12, 40000, 1, 'sapu', '2020-05-23 12:57:44', '2020-05-24 12:57:49'),
(145, 2, 2, 'Jacobus Busono', 'JOHANNES HALIM', 'Jl. Gubeng', 'Jl. Indrapura', '2021-02-04 00:00:00', '2021-02-06 00:00:00', 5, 12, 40000, 2, 'taplak meja', '2020-05-24 12:57:44', '2020-05-25 12:57:49'),
(146, 2, 2, 'Jacobus Busono Prawiroredjo', 'Johannes Oentoro', 'Jl. Biliton', 'Jl. Rajawali', '2021-02-05 00:00:00', '2021-02-07 00:00:00', 5, 10, 35000, 3, 'masker duckbil', '2020-05-25 12:57:44', '2020-05-26 12:57:49'),
(147, 2, 2, 'Jacqueline Tjahjadi', 'Johannes Setijono ', 'Jl. Sumatra', 'Jl. Perak Barat', '2021-02-06 00:00:00', '2021-02-08 00:00:00', 5, 12, 10000, 4, 'botol minum', '2020-05-26 12:57:44', '2020-05-27 12:57:49'),
(148, 2, 2, 'Jacub Johannes The', 'Johannes Tanuwijaya', 'Jl. Manyar', 'Jl. Ikan Dorang', '2021-02-07 00:00:00', '2021-02-09 00:00:00', 6, 4, 10000, 5, 'raket', '2020-05-27 12:57:44', '2020-05-28 12:57:49'),
(149, 2, 2, 'Jahja Santoso', 'John Kosasih', 'Jl. Kertajaya', 'Jl. Ikan Kakap', '2021-02-08 00:00:00', '2021-02-10 00:00:00', 6, 1, 50000, 6, 'jaket', '2020-05-28 12:57:44', '2020-05-29 12:57:49'),
(150, 2, 2, 'Santoso', 'John Franklin', 'Jl. Karang Menjangan', 'Jl. Gresik (Gadukan)', '2021-02-09 00:00:00', '2021-02-11 00:00:00', 6, 12, 10000, 1, 'headset', '2020-05-29 12:57:44', '2020-05-30 12:57:49'),
(151, 2, 2, 'Johana Poedjokerto', 'John Gordon McFadzien', 'Jl. Prof. Dr. Moestopo', 'Jl. Jepara', '2021-02-10 00:00:00', '2021-02-12 00:00:00', 6, 10, 10000, 2, 'bedak', '2020-05-30 12:57:44', '2020-05-31 12:57:49'),
(152, 2, 2, 'Jahjaa Soetoyo', 'JOHN HUGH LESTER', 'Jl. Kaliwaron', 'Jl. Tanjung Sadari', '2021-02-11 00:00:00', '2021-02-13 00:00:00', 6, 12, 20000, 6, 'indomie goreng', '2020-05-31 12:57:44', '2020-06-01 12:57:49'),
(153, 2, 2, 'Jajat Priatna Purwita', 'John Hugh Lester', 'Jl. Menur', 'Jl. Kalianak', '2021-02-12 00:00:00', '2021-02-14 00:00:00', 7, 4, 36000, 6, 'boneka', '2020-06-01 12:57:44', '2020-06-02 12:57:49'),
(154, 2, 2, 'JAMES BUDIONO', 'John Joseph Franklin', 'Jl. Airlangga', 'Jl. Dupak', '2021-02-13 00:00:00', '2021-02-15 00:00:00', 7, 1, 20000, 6, 'susu', '2020-06-02 12:57:44', '2020-06-03 12:57:49'),
(155, 2, 2, 'James Haebig', 'JOHN TODD BONNER', 'Jl. Srikana', 'Jl. Demak', '2021-02-14 00:00:00', '2021-02-16 00:00:00', 7, 6, 90000, 6, 'mie gelas', '2020-06-03 12:57:44', '2020-06-04 12:57:49'),
(156, 2, 2, 'James Eric Zaini', 'John Williem Vanderwal', 'Jl. Dharmawangsa', 'Jl. Tambak Asri', '2021-02-15 00:00:00', '2021-02-17 00:00:00', 7, 1, 10000, 6, 'baju', '2020-06-04 12:57:44', '2020-06-05 12:57:49'),
(157, 2, 2, 'James Kallman', 'Johnlee Mailoa', 'Jl. Kertajaya', 'Jl. Tambak Asri', '2021-02-16 00:00:00', '2021-02-18 00:00:00', 7, 15, 20000, 1, 'celana', '2020-06-05 12:57:44', '2020-06-06 12:57:49'),
(158, 2, 2, 'James Preston ', 'Johnnie Hermanto', 'Jl. Ngagel Jaya', 'Jl. Dupak Rukun', '2021-02-17 00:00:00', '2021-02-19 00:00:00', 7, 1, 35000, 2, 'gula', '2020-06-06 12:57:44', '2020-06-07 12:57:49'),
(159, 2, 2, 'James Rachman Adjimin', 'JOHNNY', 'Jl. Pucang Anom Timur', 'Jl. Asemrowo', '2021-02-18 00:00:00', '2021-02-20 00:00:00', 7, 12, 45000, 3, 'toner', '2020-06-07 12:57:44', '2020-06-08 12:57:49'),
(160, 2, 2, 'James Steven Kallman', 'Johnny Wiriawan', 'Jl. Ngagel Jaya Selatan', 'Jl. Tambak Mayor', '2021-02-19 00:00:00', '2021-02-21 00:00:00', 7, 12, 60000, 4, 'topi', '2020-06-08 12:57:44', '2020-06-09 12:57:49'),
(161, 3, 2, 'James Riady', 'Johnny Wiriawan', 'Jl. Bratang Jaya', 'Jl. Kalianak', '2021-02-20 00:00:00', '2021-02-22 00:00:00', 8, 10, 70000, 5, 'sepatu', '2020-06-09 12:57:44', '2020-06-10 12:57:49'),
(162, 3, 2, 'James Thomas Henry Arthur', 'Johnson', 'Jl. Bratang Binangun', 'Jl. Tambak Osowilangun', '2021-02-21 00:00:00', '2021-02-23 00:00:00', 8, 12, 10000, 6, 'jam', '2020-06-10 12:57:44', '2020-06-11 12:57:49'),
(163, 3, 2, 'James Tjahaja Riady', 'Williang', 'Jl. Karimun Jawa', 'Jl. Margomulyo', '2021-02-22 00:00:00', '2021-02-24 00:00:00', 8, 4, 15000, 1, 'mukena', '2020-06-11 12:57:44', '2020-06-12 12:57:49'),
(164, 3, 2, 'Jamin Soetoyo', 'Sujipto', 'Jl. Sulawesi', 'Jl. Margomulyo', '2021-02-23 00:00:00', '2021-02-25 00:00:00', 8, 1, 20000, 2, 'jilbab', '2020-06-12 12:57:44', '2020-06-13 12:57:49'),
(165, 3, 2, 'Jamin Tjandra', 'Partman', 'Jl. Keputran', 'Jl. Balongsari', '2021-02-24 00:00:00', '2021-02-26 00:00:00', 8, 12, 20000, 6, 'sandal ', '2020-06-13 12:57:44', '2020-06-14 12:57:49'),
(166, 3, 2, 'Jan Adam Tangkilisan', 'Johny Lisangan', 'Jl. Dr. Soetomo', 'Jl. Tandes', '2021-02-25 00:00:00', '2021-02-27 00:00:00', 8, 10, 15000, 6, 'kacamata', '2020-06-14 12:57:44', '2020-06-15 12:57:49'),
(167, 3, 2, 'Jan Triana', 'Johny Surjana', 'Jl. M. Jasin Polisi Istimewa', 'Jl. Bibis', '2021-02-26 00:00:00', '2021-02-28 00:00:00', 8, 12, 10000, 6, 'baju', '2020-06-15 12:57:44', '2020-06-16 12:57:49'),
(168, 3, 2, 'Yuliana', 'Joice', 'Jl. Darmo Kali', 'Jl. Manukan Wetan', '2021-02-27 00:00:00', '2021-03-01 00:00:00', 8, 4, 35000, 6, 'buku tulis', '2020-06-16 12:57:44', '2020-06-17 12:57:49'),
(169, 3, 2, 'Janni', 'Joice', 'Jl. Pandegiling', 'Jl. Manukan Kulon', '2021-02-28 00:00:00', '2021-03-02 00:00:00', 8, 1, 45000, 6, 'gelang', '2020-06-17 12:57:44', '2020-06-18 12:57:49'),
(170, 3, 2, 'JANSEN WIRAATMAJA', 'Joko Himawan', 'Jl. Dinoyo', 'Jl. Banjar Sugihan', '2021-03-01 00:00:00', '2021-03-03 00:00:00', 9, 6, 35000, 1, 'kalung', '2020-06-18 12:57:44', '2020-06-19 12:57:49'),
(171, 3, 2, 'JANTI JAHJA', 'Jonas Jahja', 'Jl. Darmo', 'Jl. Tengger', '2021-03-02 00:00:00', '2021-03-04 00:00:00', 9, 1, 70000, 2, 'baju', '2020-06-19 12:57:44', '2020-06-20 12:57:49'),
(172, 3, 2, 'Jap Carmen', 'Joni Yoesoef', 'Jl. Tegalsari', 'Jl. Jugrug Rejosari', '2021-03-03 00:00:00', '2021-03-05 00:00:00', 9, 15, 60000, 3, 'sweater', '2020-06-20 12:57:44', '2020-06-21 12:57:49'),
(173, 3, 2, 'Santy', 'Jopie Widjaja', 'Jl. Kedungsari', 'Jl. Kyai Amir', '2021-03-04 00:00:00', '2021-03-06 00:00:00', 9, 1, 60000, 4, 'indomie goreng', '2020-06-21 12:57:44', '2020-06-22 12:57:49'),
(174, 3, 2, 'Jap Johanes', 'Joppy Robert Saerang', 'Jl. Pregolan', 'Jl. Manukan Tama', '2021-03-05 00:00:00', '2021-03-07 00:00:00', 9, 12, 50000, 5, 'sapu', '2020-06-22 12:57:44', '2020-06-23 12:57:49'),
(175, 3, 2, 'Sogiono', 'Jos Parengkuan', 'Jl. Basuki Rahmat', 'Jl. Wonorejo', '2021-03-06 00:00:00', '2021-03-08 00:00:00', 9, 12, 55000, 6, 'taplak meja', '2020-06-23 12:57:44', '2020-06-24 12:57:49'),
(176, 3, 2, 'Jason Jam', 'Jos Winata Wihardja', 'Jl. Embong Malang', 'Jl. Jelidro', '2021-03-07 00:00:00', '2021-03-09 00:00:00', 9, 10, 25000, 1, 'masker duckbil', '2020-06-24 12:57:44', '2020-06-25 12:57:49'),
(177, 3, 2, 'JAYANTI SARI', 'Jose R. Hanna', 'Jl. Kedung Doro', 'Jl. Kandangan', '2021-03-08 00:00:00', '2021-03-10 00:00:00', 10, 12, 10000, 1, 'botol minum', '2020-06-25 12:57:44', '2020-06-26 12:57:49'),
(178, 3, 2, 'Jeannie Widjaja', 'Josef Indra Njoman', 'Jl. Kombes Pol Duryat', 'Jl. Sememi', '2021-03-09 00:00:00', '2021-03-11 00:00:00', 10, 4, 15000, 1, 'raket', '2020-06-26 12:57:44', '2020-06-27 12:57:49'),
(179, 3, 2, 'Jeffery Freshen Sihombing', 'Josep Lay', 'Jl. Diponegoro', 'Jl. Kendung', '2021-03-10 00:00:00', '2021-03-12 00:00:00', 10, 1, 20000, 1, 'jaket', '2020-06-27 12:57:44', '2020-06-28 12:57:49'),
(180, 3, 2, 'Jeffery Koes Wonsoo', 'Josep Susanto Kiswandono', 'Jl. Diponegoro', 'Jl. Alas Malang', '2021-03-11 00:00:00', '2021-03-13 00:00:00', 10, 12, 10000, 1, 'headset', '2020-06-28 12:57:44', '2020-06-29 12:57:49'),
(181, 4, 2, 'Jeffrey Hartono', 'Joseph Dharmabrata', 'Jl. Tembok Dukuh', 'Jl. Klakahrejo', '2021-03-12 00:00:00', '2021-03-14 00:00:00', 11, 10, 300000, 1, 'bedak', '2020-06-29 12:57:44', '2020-06-30 12:57:49'),
(182, 4, 2, 'Jeffrey Iuwena', 'Joseph Donald Charles Buddy', 'Jl. Kalibutuh', 'Jl. Moroseneng', '2021-03-13 00:00:00', '2021-03-15 00:00:00', 11, 12, 310000, 1, 'indomie goreng', '2020-06-30 12:57:44', '2020-07-01 12:57:49'),
(183, 4, 2, 'Jeffrey K. Wonsono', 'Joseph Tjakra', 'Jl. Demak', 'Jl. Tambak Osowilangun', '2021-03-14 00:00:00', '2021-03-16 00:00:00', 11, 4, 120000, 1, 'boneka', '2020-07-01 12:57:44', '2020-07-02 12:57:49'),
(184, 4, 2, 'Jeffrey Koes Wonsono', 'Josephyne Widjaja', 'Jl. Semarang', 'Jl. Pakal', '2021-03-15 00:00:00', '2021-03-17 00:00:00', 11, 1, 150000, 1, 'susu', '2020-07-02 12:57:44', '2020-07-03 12:57:49'),
(185, 4, 2, 'Jeffrey Sugianto', 'Joso Ramli', 'Jl. Bubutan', 'Jl. Raci', '2021-03-16 00:00:00', '2021-03-18 00:00:00', 11, 6, 170000, 1, 'mie gelas', '2020-07-03 12:57:44', '2020-07-04 12:57:49'),
(186, 4, 2, 'JEMMY ROMMY PONTOH', 'Jovanka Mardova', 'Jl. Gemblongan', 'Jl. Benowo', '2021-03-17 00:00:00', '2021-03-19 00:00:00', 11, 1, 200000, 1, 'baju', '2020-07-04 12:57:44', '2020-07-05 12:57:49'),
(187, 4, 2, 'Jendrawasih Jenni', 'JOYCE HANDAJANI', 'Jl. Pahlawan', 'Jl. Babat Jerawat', '2021-03-18 00:00:00', '2021-03-20 00:00:00', 11, 15, 200000, 1, 'celana', '2020-07-05 12:57:44', '2020-07-06 12:57:49'),
(188, 4, 2, 'Jeniawati', 'JOYNER OVERSEAS ', 'Jl. Kramat Gantung', 'Jl. Romokalisari', '2021-03-19 00:00:00', '2021-03-21 00:00:00', 11, 1, 250000, 1, 'gula', '2020-07-06 12:57:44', '2020-07-07 12:57:49'),
(189, 4, 2, 'Jennie Widjaya', 'Jozef Darmawan Angkasa', 'Jl. Pasar Turi', 'Jl. Singapur', '2021-03-20 00:00:00', '2021-03-22 00:00:00', 11, 12, 250000, 2, 'toner', '2020-07-07 12:57:44', '2020-07-08 12:57:49'),
(190, 4, 2, 'Jenny Elisabeth RG', 'Juanda Lesmana Lauw', 'Jl. Tembaan', 'Jl. Alas Malang', '2021-03-21 00:00:00', '2021-03-23 00:00:00', 11, 12, 250000, 6, 'topi', '2020-07-08 12:57:44', '2020-07-09 12:57:49'),
(191, 4, 2, 'JENNY WIDJAJA', 'JUANDY WIJAYA', 'Jl. Pasar Besar Wetan', 'Jl. Made', '2021-03-22 00:00:00', '2021-03-24 00:00:00', 12, 10, 10000, 6, 'sepatu', '2020-07-09 12:57:44', '2020-07-10 12:57:49'),
(192, 4, 2, 'JENTY', 'JUANITA DESIREE TAMPUBOLON', 'Jl. Dupak', 'Jl. Ngemplak', '2021-03-23 00:00:00', '2021-03-25 00:00:00', 12, 12, 120000, 6, 'jam', '2020-07-10 12:57:44', '2020-07-11 12:57:49'),
(193, 4, 2, 'Jeremy David Kemp', 'Judca Herlina Hansoehardi', 'Jl. Jepara', 'Jl. Bungkal', '2021-03-24 00:00:00', '2021-03-26 00:00:00', 12, 4, 70000, 6, 'mukena', '2020-07-11 12:57:44', '2020-07-12 12:57:49'),
(194, 4, 2, 'Jessy Vishamkar Adnani', 'Judi Gunawan', 'Jl. Rembang', 'Jl. Sawo', '2021-03-25 00:00:00', '2021-03-27 00:00:00', 12, 1, 60000, 6, 'jilbab', '2020-07-12 12:57:44', '2020-07-13 12:57:49'),
(195, 4, 2, 'JIALIPTO JIARAVANON', 'Juliana Kusnandar', 'Jl. Tunjungan', 'Jl. Sambikerep', '2021-03-26 00:00:00', '2021-03-28 00:00:00', 12, 12, 200000, 1, 'sandal ', '2020-07-13 12:57:44', '2020-07-14 12:57:49'),
(196, 4, 2, 'JIALIPTO JIARAVANON', 'Juliana Ong Pei ', 'Jl. Jagalan', 'Jl. Kalijaran', '2021-03-27 00:00:00', '2021-03-29 00:00:00', 12, 10, 60000, 2, 'kacamata', '2020-07-14 12:57:44', '2020-07-15 12:57:49'),
(197, 4, 2, 'Jim Truesdell', 'Julianna Yohan', 'Jl. Kalianyar', 'Jl. Dukuh Bulak Banteng', '2021-03-28 00:00:00', '2021-03-30 00:00:00', 12, 12, 50000, 3, 'pensil', '2020-07-15 12:57:44', '2020-07-16 12:57:49'),
(198, 4, 2, 'Jimmy Budhi', 'Juliati Widjaja', 'Jl. Basuki Rahmat', 'Jl. Kedinding Lor', '2021-03-29 00:00:00', '2021-03-31 00:00:00', 12, 4, 55000, 4, 'buku tulis', '2020-07-16 12:57:44', '2020-07-17 12:57:49'),
(199, 4, 2, 'Budiarto', 'Juliati Widjaja', 'Jl. Gubernur Suryo', 'Jl. Bronggalan', '2021-03-30 00:00:00', '2021-04-01 00:00:00', 12, 5, 25000, 5, 'gelang', '2020-07-17 12:57:44', '2020-07-18 12:57:49'),
(200, 4, 2, 'Hartono Lie', 'JULIATI WIDJOJO', 'Jl. Yos Sudarso', 'Jl. Putro Agung Wetan', '2021-03-31 00:00:00', '2021-04-02 00:00:00', 12, 5, 10000, 6, 'kalung', '2020-07-18 12:57:44', '2020-07-19 12:57:49'),
(201, 4, 2, 'Henricus', 'Juliawati Budiman', 'Jl. Pemuda', 'Jl. Putra Agung Kulon', '2021-04-01 00:00:00', '2021-04-03 00:00:00', 13, 5, 15000, 2, 'handphone', '2020-07-19 12:57:44', '2020-07-20 12:57:49'),
(202, 4, 2, 'Jeffrey Koes Wonsono', 'Josephyne Widjaja', 'Jl. Semarang', 'Jl. Pakal', '2021-04-02 00:00:00', '2021-04-04 00:00:00', 13, 2, 10000, 3, 'sweater', '2020-07-20 12:57:44', '2020-07-21 12:57:49'),
(203, 1, 2, 'Kamlesh Ishwardas', 'Jackson Chu', 'Jl. Simpang Dukuh', 'Jl. Ahmad Yani', '2021-04-03 00:00:00', '2021-04-05 00:00:00', 2, 3, 30000, 1, 'indomie goreng', '2020-07-21 12:57:44', '2020-07-22 12:57:49'),
(204, 1, 2, 'Kang Aries Fuksar', 'Jacky Afandi', 'Jl. Undaan Wetan', 'Jl. Ahmad Yani', '2021-04-04 00:00:00', '2021-04-06 00:00:00', 2, 1, 10000, 2, 'sandal ', '2020-07-22 12:57:44', '2020-07-23 12:57:49'),
(205, 1, 2, 'Kang Rita Sadeli', 'Jacky Soerya Santoso', 'Jl. Undaan Kulon', 'Jl. Stasiun Wonokromo', '2021-04-05 00:00:00', '2021-04-07 00:00:00', 2, 1, 10000, 6, 'indomie goreng', '2020-07-23 12:57:44', '2020-07-24 12:57:49'),
(206, 1, 2, 'Kang Rita Sadeli and Song Wen Shyu', 'Jacob Antung Kang', 'Jl. Kusuma Bangsa', 'Jl. Mastrip', '2021-04-06 00:00:00', '2021-04-08 00:00:00', 2, 1, 10000, 6, 'baju', '2020-07-24 12:57:44', '2020-07-25 12:57:49'),
(207, 1, 2, 'Kanisha Sunil Mirpuri', 'Jacob Soetoyo', 'Jl. Stasiun Gubeng', 'Jl. Mastrip', '2021-04-07 00:00:00', '2021-04-09 00:00:00', 2, 5, 50000, 6, 'buku tulis', '2020-07-25 12:57:44', '2020-07-26 12:57:49'),
(208, 1, 2, 'Kardaya Warnika', 'Jacobus Busono', 'Jl. Kapasari', 'Jl. Gunungsari', '2021-04-08 00:00:00', '2021-04-10 00:00:00', 2, 5, 50000, 6, 'gelang', '2020-07-26 12:57:44', '2020-07-27 12:57:49'),
(209, 1, 2, 'Kardja Rahardjo', 'Jacobus Busono Prawiroredjo', 'Jl. Achmad Jais', 'Jl. Joyoboyo', '2021-04-09 00:00:00', '2021-04-11 00:00:00', 2, 1, 10000, 6, 'kalung', '2020-07-27 12:57:44', '2020-07-28 12:57:49'),
(210, 1, 2, 'Karta Wiguna', 'Jacqueline Tjahjadi', 'Jl. Peneleh', 'Jl. Menganti', '2021-04-10 00:00:00', '2021-04-12 00:00:00', 3, 1, 10000, 1, 'handphone', '2020-07-28 12:57:44', '2020-07-29 12:57:49'),
(211, 1, 2, 'Kartini Fahmi Idris', 'Jacub Johannes The', 'Jl. Ngemplak', 'Jl. Hayam Wuruk', '2021-04-11 00:00:00', '2021-04-13 00:00:00', 3, 6, 60000, 2, 'indomie goreng', '2020-07-29 12:57:44', '2020-07-30 12:57:49'),
(212, 1, 2, 'Karuna Murdaya', 'Jahja Santoso', 'Jl. Genteng Kali', 'Jl. Gajah Mada', '2021-04-12 00:00:00', '2021-04-14 00:00:00', 3, 1, 10000, 3, 'indomie goreng', '2020-07-30 12:57:44', '2020-07-31 12:57:49'),
(213, 1, 2, 'Kasiviswanathan Prakash', 'Jahja Santoso a', 'Jl. Ambengan', 'Jl. Adityawarman', '2021-04-13 00:00:00', '2021-04-15 00:00:00', 3, 2, 20000, 4, 'baju', '2020-07-31 12:57:44', '2020-08-01 12:57:49'),
(214, 1, 2, 'Katharina Wihardja', 'Jahjaa Soetoyo', 'Jl. Ngaglik', 'Jl. Ciliwung', '2021-04-14 00:00:00', '2021-04-16 00:00:00', 3, 3, 30000, 5, 'indomie goreng', '2020-08-01 12:57:44', '2020-08-02 12:57:49'),
(215, 1, 2, 'Katini Dewi', 'Jajat Priatna Purwita', 'Jl. Gembong', 'Jl. Kutai', '2021-04-15 00:00:00', '2021-04-17 00:00:00', 3, 3, 30000, 6, 'indomie goreng', '2020-08-02 12:57:44', '2020-08-03 12:57:49'),
(216, 1, 2, 'Katleen Yangrikho Gui', 'James Budiono', 'Jl. Pecindilan', 'Jl. Indragiri', '2021-04-16 00:00:00', '2021-04-18 00:00:00', 3, 2, 20000, 1, 'botol minum', '2020-08-03 12:57:44', '2020-08-04 12:57:49'),
(217, 1, 2, 'Kazan Gunawan', 'James C. Haebig', 'Jl. Sonokembang', 'Jl. Pulo Wonokromo', '2021-04-17 00:00:00', '2021-04-19 00:00:00', 3, 7, 70000, 2, 'mie gelas', '2020-08-04 12:57:44', '2020-08-05 12:57:49'),
(218, 1, 2, 'Ken Leksono Sedianto', 'James Eric Zaini', 'Jl. Jagalan', 'Jl. Pagesangan', '2021-04-18 00:00:00', '2021-04-20 00:00:00', 3, 2, 20000, 6, 'jaket', '2020-08-05 12:57:44', '2020-08-06 12:57:49'),
(219, 1, 2, 'Ken Ng', 'James Kallman', 'Jl. Pengampon', 'Jl. Jambangan', '2021-04-19 00:00:00', '2021-04-21 00:00:00', 3, 10, 100000, 6, 'indomie goreng', '2020-08-06 12:57:44', '2020-08-07 12:57:49'),
(220, 1, 2, 'Kendra Soegandha', 'James Preston Truesdell', 'Jl. Gembong', 'Jl. Karah', '2021-04-20 00:00:00', '2021-04-22 00:00:00', 3, 2, 20000, 6, 'bedak', '2020-08-07 12:57:44', '2020-08-08 12:57:49'),
(221, 1, 2, 'Kenneth R. Wynn', 'James Rachman Adjimin', 'Jl. Stasiun Kota', 'Jl. Karah Agung', '2021-04-21 00:00:00', '2021-04-23 00:00:00', 3, 5, 50000, 6, 'indomie goreng', '2020-08-08 12:57:44', '2020-08-09 12:57:49'),
(222, 1, 2, 'Kezia Putri Aprilya Kusdianto', 'James Steven Kallman', 'Jl. Kembang Jepun', 'Jl. Kebon Agung', '2021-04-22 00:00:00', '2021-04-24 00:00:00', 4, 1, 10000, 6, 'boneka', '2020-08-09 12:57:44', '2020-08-10 12:57:49'),
(223, 1, 2, 'Khairul Saleh', 'JAMES T. RIADY', 'Jl. Dukuh', 'Jl. Gayung Kebonsari', '2021-04-23 00:00:00', '2021-04-25 00:00:00', 4, 22, 220000, 1, 'susu', '2020-08-10 12:57:44', '2020-08-11 12:57:49'),
(224, 1, 2, 'Khoe Ay Hwa', 'James Thomas Henry Arthur', 'Jl. Jakarta', 'Jl. Gayungan PTT', '2021-04-24 00:00:00', '2021-04-26 00:00:00', 4, 1, 10000, 2, 'mie gelas', '2020-08-11 12:57:44', '2020-08-12 12:57:49'),
(225, 1, 2, 'Khou Lim Ngo', 'JAMES TJAHAJA RIADY', 'Jl. Perak Timur', 'Jl. Dukuh Menanggal', '2021-04-25 00:00:00', '2021-04-27 00:00:00', 4, 10, 100000, 3, 'baju', '2020-08-12 12:57:44', '2020-08-13 12:57:49'),
(226, 1, 2, 'Kiki Barki', 'Jamin Soetoyo', 'Jl. Perak Barat', 'Jl. Ketintang', '2021-04-26 00:00:00', '2021-04-28 00:00:00', 4, 10, 100000, 4, 'celana', '2020-08-13 12:57:44', '2020-08-14 12:57:49'),
(227, 2, 2, 'Kiki Kiftiah', 'JAMIN TJANDRA', 'Jl. Kalimas Baru', 'Jl. Siwalankerto', '2021-04-27 00:00:00', '2021-04-29 00:00:00', 5, 5, 50000, 5, 'gula', '2020-08-14 12:57:44', '2020-08-15 12:57:49'),
(228, 2, 2, 'Kiki Sutantyo', 'Jan Adam Tangkilisan', 'Jl. Jembatan Merah', 'Jl. Siwalankerto Timur', '2021-04-28 00:00:00', '2021-04-30 00:00:00', 5, 5, 50000, 6, 'baju', '2020-08-15 12:57:44', '2020-08-16 12:57:49'),
(229, 2, 2, 'Kim Doo Young', 'Jan Triana Johanes', 'Jl. Veteran', 'Jl. Jemursari', '2021-04-29 00:00:00', '2021-05-01 00:00:00', 5, 3, 30000, 1, 'baju', '2020-08-16 12:57:44', '2020-08-17 12:57:49'),
(230, 2, 2, 'Kim Sung Kook', 'Jan Triana Johanes', 'Jl. Kebonrojo', 'Jl. Margorejo', '2021-04-30 00:00:00', '2021-05-02 00:00:00', 5, 1, 10000, 2, 'mie gelas', '2020-08-17 12:57:44', '2020-08-18 12:57:49'),
(231, 2, 2, 'Kim Sung Kook', 'Janni', 'Jl. Indrapura', 'Jl. Margorejo Indah', '2021-05-01 00:00:00', '2021-05-03 00:00:00', 5, 1, 10000, 6, 'jam', '2020-08-18 12:57:44', '2020-08-19 12:57:49'),
(232, 2, 2, 'Kimberly Ananto', 'Jansen Wiraatmaja', 'Jl. Rajawali', 'Jl. Jemur Andayani', '2021-05-02 00:00:00', '2021-05-04 00:00:00', 5, 15, 150000, 6, 'mukena', '2020-08-19 12:57:44', '2020-08-20 12:57:49'),
(233, 2, 2, 'KIMIN TANOTO', 'Janti Jahja', 'Jl. Perak Barat', 'Jl. Prapen', '2021-05-03 00:00:00', '2021-05-05 00:00:00', 5, 9, 90000, 6, 'jilbab', '2020-08-20 12:57:44', '2020-08-21 12:57:49'),
(234, 2, 2, 'Kindarto Kohar', 'Jap Carmen', 'Jl. Ikan Dorang', 'Jl. Ngagel', '2021-05-04 00:00:00', '2021-05-06 00:00:00', 5, 3, 30000, 6, 'sandal ', '2020-08-21 12:57:44', '2020-08-22 12:57:49'),
(235, 2, 2, 'Kirk D. Evans', 'Jap Hartono ', 'Jl. Ikan Kakap', 'Jl. Bendul Merisi', '2021-05-05 00:00:00', '2021-05-07 00:00:00', 5, 1, 10000, 6, 'mie gelas', '2020-08-22 12:57:44', '2020-08-23 12:57:49'),
(236, 2, 2, 'Kirk David Evans', 'Jap Johanes', 'Jl. Gresik (Gadukan)', 'Jl. Bendul Merisi', '2021-05-06 00:00:00', '2021-05-08 00:00:00', 5, 1, 10000, 1, 'pensil', '2020-08-23 12:57:44', '2020-08-24 12:57:49'),
(237, 2, 2, 'Kitty Joantina Wulanda', 'Jap Soegiono', 'Jl. Jepara', 'Jl. Bung Tomo', '2021-05-07 00:00:00', '2021-05-09 00:00:00', 5, 1, 10000, 2, 'indomie goreng', '2020-08-24 12:57:44', '2020-08-25 12:57:49'),
(238, 2, 2, 'Kitty Tjioe', 'Jason James Raymond', 'Jl. Tanjung Sadari', 'Jl. Mayjen Sungkono', '2021-05-08 00:00:00', '2021-05-10 00:00:00', 5, 5, 50000, 3, 'gelang', '2020-08-25 12:57:44', '2020-08-26 12:57:49'),
(239, 2, 2, 'Kiyomi Sato', 'Jayanti Sari', 'Jl. Kalianak', 'Jl. Mayjen Sungkono', '2021-05-09 00:00:00', '2021-05-11 00:00:00', 5, 5, 50000, 4, 'kalung', '2020-08-26 12:57:44', '2020-08-27 12:57:49'),
(240, 2, 2, 'Ko Rudy Oetomo', 'JEANNIE WIDJAJA', 'Jl. Dupak', 'Jl. Mayjen Sungkono', '2021-05-10 00:00:00', '2021-05-12 00:00:00', 6, 1, 10000, 5, 'handphone', '2020-08-27 12:57:44', '2020-08-28 12:57:49'),
(241, 2, 2, 'Kokarjadi Chandra', 'Jeffery Freshen Sihombing', 'Jl. Demak', 'Jl. Dukuh Kupang', '2021-05-11 00:00:00', '2021-05-13 00:00:00', 6, 1, 10000, 6, 'mie gelas', '2020-08-28 12:57:44', '2020-08-29 12:57:49'),
(242, 2, 2, 'Koko Poernomo Santoso', 'Jeffery Koes Wonsoo', 'Jl. Tambak Asri', 'Jl. Balas Klumprik', '2021-05-12 00:00:00', '2021-05-14 00:00:00', 6, 6, 60000, 1, 'indomie goreng', '2020-08-29 12:57:44', '2020-08-30 12:57:49');
INSERT INTO `pesanan` (`id`, `perusahaan_id`, `user_id`, `nama_pengirim`, `nama_penerima`, `alamat_pengirim`, `alamat_penerima`, `tanggal_kirim`, `tanggal_tiba`, `truk_id`, `berat`, `ongkos`, `status`, `jenis_pesanan`, `created_at`, `updated_at`) VALUES
(243, 2, 2, 'Kokos Leo Lim', 'Jeffrey Hartono', 'Jl. Tambak Asri', 'Jl. Ngagel Jaya Selatan', '2021-05-13 00:00:00', '2021-05-15 00:00:00', 6, 1, 10000, 2, 'baju', '2020-08-30 12:57:44', '2020-08-31 12:57:49'),
(244, 2, 2, 'Kompleks Perkantoran', 'Jeffrey Iuwena', 'Jl. Dupak Rukun', 'Jl. Ngagel Rejo', '2021-05-14 00:00:00', '2021-05-16 00:00:00', 6, 2, 20000, 6, 'indomie goreng', '2020-08-31 12:57:44', '2020-09-01 12:57:49'),
(245, 2, 2, 'Kris Widjojo', 'Jeffrey K. Wonsono', 'Jl. Asemrowo', 'Jl. Ngagel Rejo Kidul', '2021-05-15 00:00:00', '2021-05-17 00:00:00', 7, 3, 30000, 6, 'masker duckbil', '2020-09-01 12:57:44', '2020-09-02 12:57:49'),
(246, 2, 2, 'Krishan Kulmar Ralhan', 'Jeffrey Koes Wonsono', 'Jl. Tambak Mayor', 'Jl. Darmo', '2021-05-16 00:00:00', '2021-05-18 00:00:00', 7, 3, 30000, 6, 'botol minum', '2020-09-02 12:57:44', '2020-09-03 12:57:49'),
(247, 2, 2, 'Krishnan Sjarif ', 'Jeffrey Sugianto', 'Jl. Kalianak', 'Jl. Pasar Kembang', '2021-05-17 00:00:00', '2021-05-19 00:00:00', 7, 2, 20000, 6, 'mie gelas', '2020-09-03 12:57:44', '2020-09-04 12:57:49'),
(248, 2, 2, 'Krisnadi Gautama', 'Jemmy Rommy Pontoh', 'Jl. Tambak Osowilangun', 'Jl. Arjuno', '2021-05-18 00:00:00', '2021-05-20 00:00:00', 7, 7, 70000, 6, 'indomie goreng', '2020-09-04 12:57:44', '2020-09-05 12:57:49'),
(249, 2, 2, 'Krisno Abiyanto', 'Jendrawasih Jenni', 'Jl. Margomulyo', 'Jl. Girilaya', '2021-05-19 00:00:00', '2021-05-21 00:00:00', 7, 2, 20000, 1, 'indomie goreng', '2020-09-05 12:57:44', '2020-09-06 12:57:49'),
(250, 2, 2, 'Kristanto Wibowo Siswanto', 'Jeniawati', 'Jl. Margomulyo', 'Jl. Putat Jaya', '2021-05-20 00:00:00', '2021-05-22 00:00:00', 7, 10, 100000, 2, 'bedak', '2020-09-06 12:57:44', '2020-09-07 12:57:49'),
(251, 2, 2, 'Kristina Minto', 'Jennie Widjaya', 'Jl. Balongsari', 'Jl. Banyu Urip', '2021-05-21 00:00:00', '2021-05-23 00:00:00', 7, 2, 20000, 3, 'indomie goreng', '2020-09-07 12:57:44', '2020-09-08 12:57:49'),
(252, 2, 2, 'Kumalasari Tjiong', 'Jenny Elisabeth RG', 'Jl. Tandes', 'Jl. Kupang Gunung', '2021-05-22 00:00:00', '2021-05-24 00:00:00', 7, 3, 30000, 4, 'boneka', '2020-09-08 12:57:44', '2020-09-09 12:57:49'),
(253, 3, 2, 'Kurniati Phan ', 'JENNY WIDJAJA', 'Jl. Bibis', 'Jl. Dukuh Kupang', '2021-05-23 00:00:00', '2021-05-25 00:00:00', 8, 1, 10000, 5, 'susu', '2020-09-09 12:57:44', '2020-09-10 12:57:49'),
(254, 3, 2, 'Kurniawan Nurdin Karim', 'Jenty', 'Jl. Manukan Wetan', 'Jl. Kranggan', '2021-05-24 00:00:00', '2021-05-26 00:00:00', 8, 1, 10000, 6, 'mie gelas', '2020-09-10 12:57:44', '2020-09-11 12:57:49'),
(255, 3, 2, 'Kusdianto Soewarno', 'Jeremy David Kemp', 'Jl. Manukan Kulon', 'Jl. Simo Kwagean', '2021-05-25 00:00:00', '2021-05-27 00:00:00', 8, 15, 150000, 1, 'baju', '2020-09-11 12:57:44', '2020-09-12 12:57:49'),
(256, 3, 2, 'Kusnadi Budiman', 'Jessy Vishamkar Adnani', 'Jl. Banjar Sugihan', 'Jl. Pacuan Kuda', '2021-05-26 00:00:00', '2021-05-28 00:00:00', 8, 9, 90000, 2, 'celana', '2020-09-12 12:57:44', '2020-09-13 12:57:49'),
(257, 3, 2, 'KUSNAN KIRANA', 'Jialipto Jiaravanon', 'Jl. Tengger', 'Jl. Tidar', '2021-05-27 00:00:00', '2021-05-29 00:00:00', 8, 3, 30000, 6, 'gula', '2020-09-13 12:57:44', '2020-09-14 12:57:49'),
(258, 3, 2, 'Kusnandar', 'Jim Truesdell', 'Jl. Jugrug Rejosari', 'Jl. Dukuh Kupang', '2021-05-28 00:00:00', '2021-05-30 00:00:00', 8, 1, 10000, 6, 'toner', '2020-09-14 12:57:44', '2020-09-15 12:57:49'),
(259, 3, 2, 'Kusuma Hadi Soetemo', 'Jimmy Budhi', 'Jl. Kyai Amir', 'Jl. Blauran', '2021-05-29 00:00:00', '2021-05-31 00:00:00', 8, 1, 10000, 6, 'topi', '2020-09-15 12:57:44', '2020-09-16 12:57:49'),
(260, 3, 2, 'Kusumawati', 'Jimmy Budiarto', 'Jl. Manukan Tama', 'Jl. Darmo Kali', '2021-05-30 00:00:00', '2021-06-01 00:00:00', 8, 1, 10000, 6, 'sepatu', '2020-09-16 12:57:44', '2020-09-17 12:57:49'),
(261, 3, 2, 'Kusumo Abujono Martorejo', 'Jimmy Hartono Lie', 'Jl. Wonorejo', 'Jl. Jagir Wonokromo', '2021-05-31 00:00:00', '2021-06-02 00:00:00', 8, 5, 50000, 6, 'mie gelas', '2020-09-17 12:57:44', '2020-09-18 12:57:49'),
(262, 3, 2, 'Kusumo Purwanti Dewi', 'Jimmy Henricus Kurniawan Laihad', 'Jl. Jelidro', 'Jl. Bratang Gede', '2021-06-01 00:00:00', '2021-06-03 00:00:00', 9, 5, 50000, 1, 'mie gelas', '2020-09-18 12:57:44', '2020-09-19 12:57:49'),
(263, 3, 2, 'Kwee Suo Chie', 'Jimmy Namara', 'Jl. Kandangan', 'Jl. Mayjen HR. Mohammad', '2021-06-02 00:00:00', '2021-06-04 00:00:00', 9, 1, 10000, 2, 'jilbab', '2020-09-19 12:57:44', '2020-09-20 12:57:49'),
(264, 3, 2, 'Kwok Moi Moy', 'Jimmy Samantha', 'Jl. Sememi', 'Jl. Mayjen HR. Mohammad', '2021-06-03 00:00:00', '2021-06-05 00:00:00', 9, 1, 10000, 3, 'sandal ', '2020-09-20 12:57:44', '2020-09-21 12:57:49'),
(265, 3, 2, 'Lam Mang Ying', 'Jimmy Suryanto Budhi', 'Jl. Kendung', 'Jl. Lakarsantri', '2021-06-04 00:00:00', '2021-06-06 00:00:00', 9, 6, 60000, 4, 'indomie goreng', '2020-09-21 12:57:44', '2020-09-22 12:57:49'),
(266, 3, 2, 'Lam Toi Lai', 'Jimmy Tjahjanto', 'Jl. Alas Malang', 'Jl. Lontar', '2021-06-05 00:00:00', '2021-06-07 00:00:00', 9, 1, 10000, 5, 'pensil', '2020-09-22 12:57:44', '2020-09-23 12:57:49'),
(267, 3, 2, 'Lambertus Nuryono', 'Jimmy Welianto Siauw', 'Jl. Klakahrejo', 'Jl. Bangkingan', '2021-06-06 00:00:00', '2021-06-08 00:00:00', 9, 2, 20000, 6, 'indomie goreng', '2020-09-23 12:57:44', '2020-09-24 12:57:49'),
(268, 3, 2, 'Lambertus Somar', 'JIMMY ZIEPO SETIAWAN', 'Jl. Moroseneng', 'Jl. Sumur Welut', '2021-06-07 00:00:00', '2021-06-09 00:00:00', 9, 3, 30000, 1, 'indomie goreng', '2020-09-24 12:57:44', '2020-09-25 12:57:49'),
(269, 3, 2, 'LANASARI HALIM', 'Jio Tien Carolyna', 'Jl. Tambak Osowilangun', 'Jl. Sumberan', '2021-06-08 00:00:00', '2021-06-10 00:00:00', 10, 3, 30000, 1, 'kalung', '2020-09-25 12:57:44', '2020-09-26 12:57:49'),
(270, 3, 2, 'Lanny Lanawaty', 'Jiohan Sebastian', 'Jl. Pakal', 'Jl. Wisma Lidah Kulon', '2021-06-09 00:00:00', '2021-06-11 00:00:00', 10, 2, 20000, 1, 'handphone', '2020-09-26 12:57:44', '2020-09-27 12:57:49'),
(271, 3, 2, 'Lanny Tanzil', 'Jo Andreson Wiharjo', 'Jl. Raci', 'Jl. Jemur Andayani', '2021-06-10 00:00:00', '2021-06-12 00:00:00', 10, 7, 70000, 1, 'sweater', '2020-09-27 12:57:44', '2020-09-28 12:57:49'),
(272, 3, 2, 'Lanny Widjajanti', 'Jo Gasyanto', 'Jl. Benowo', 'Jl. Kutisari Utara', '2021-06-11 00:00:00', '2021-06-13 00:00:00', 10, 2, 20000, 1, 'indomie goreng', '2020-09-28 12:57:44', '2020-09-29 12:57:49'),
(273, 4, 2, 'Lao Rusming', 'Jo Liat Tjiang', 'Jl. Babat Jerawat', 'Jl. Kutisari Selatan', '2021-06-12 00:00:00', '2021-06-14 00:00:00', 11, 10, 100000, 1, 'sapu', '2020-09-29 12:57:44', '2020-09-30 12:57:49'),
(274, 4, 2, 'Lauw Samuel Lawrence', 'Jo Souw Koan', 'Jl. Romokalisari', 'Jl. Kendangsari', '2021-06-13 00:00:00', '2021-06-15 00:00:00', 11, 3, 30000, 1, 'taplak meja', '2020-09-30 12:57:44', '2020-10-01 12:57:49'),
(275, 4, 2, 'lola', 'Jo Tjin Khoen', 'Jl. Singapur', 'Jl. Tenggilis', '2021-06-14 00:00:00', '2021-06-16 00:00:00', 11, 1, 10000, 1, 'mie gelas', '2020-10-01 12:57:44', '2020-10-02 12:57:49'),
(276, 4, 2, 'Lawrence Barki', 'Joachim U. Rohn', 'Jl. Alas Malang', 'Jl. Prapen', '2021-06-15 00:00:00', '2021-06-17 00:00:00', 11, 1, 10000, 1, 'botol minum', '2020-10-02 12:57:44', '2020-10-03 12:57:49'),
(277, 4, 2, 'Lay Sioe Ho', 'Joachim Ulrich Rohn', 'Jl. Made', 'Jl. Rungkut Industri', '2021-06-16 00:00:00', '2021-06-18 00:00:00', 11, 15, 150000, 1, 'mie gelas', '2020-10-03 12:57:44', '2020-10-04 12:57:49'),
(278, 4, 2, 'Le Purna Harjani', 'Joachim V. Rohn', 'Jl. Ngemplak', 'Jl. Rungkut Industri', '2021-06-17 00:00:00', '2021-06-19 00:00:00', 11, 9, 90000, 1, 'indomie goreng', '2020-10-04 12:57:44', '2020-10-05 12:57:49'),
(279, 4, 2, 'Leda Magdangal Tamin', 'Jocelin Yohan Yau', 'Jl. Bungkal', 'Jl. Kalirungkut', '2021-06-18 00:00:00', '2021-06-20 00:00:00', 11, 3, 30000, 1, 'indomie goreng', '2020-10-05 12:57:44', '2020-10-06 12:57:49'),
(280, 4, 2, 'Ledres Balmaceda Mario', 'Jodi Haryanto', 'Jl. Sawo', 'Jl. Kedung Baruk', '2021-06-19 00:00:00', '2021-06-21 00:00:00', 11, 1, 10000, 1, 'bedak', '2020-10-06 12:57:44', '2020-10-07 12:57:49'),
(281, 4, 2, 'Lee Chuck Soo', 'Joe Su Fun', 'Jl. Sambikerep', 'Jl. Kendalsari', '2021-06-20 00:00:00', '2021-06-22 00:00:00', 11, 1, 10000, 2, 'indomie goreng', '2020-10-07 12:57:44', '2020-10-08 12:57:49'),
(282, 4, 2, 'Lee Yick Cheung', 'Joeliardi Sunendar', 'Jl. Kalijaran', 'Jl. Kendalsari Selatan', '2021-06-21 00:00:00', '2021-06-23 00:00:00', 11, 1, 10000, 6, 'boneka', '2020-10-08 12:57:44', '2020-10-09 12:57:49'),
(283, 4, 2, 'Leman Hadi Soetemo', 'Joesril Hainim', 'Jl. Dukuh Bulak Banteng', 'Jl. Wonorejo Timur', '2021-06-22 00:00:00', '2021-06-24 00:00:00', 12, 5, 50000, 6, 'susu', '2020-10-09 12:57:44', '2020-10-10 12:57:49'),
(284, 4, 2, 'Lenny Wijaya', 'Jogi Hendra Atmadja', 'Jl. Kedinding Lor', 'Jl. Wonorejo Rungkut', '2021-06-23 00:00:00', '2021-06-25 00:00:00', 12, 5, 50000, 6, 'mie gelas', '2020-10-10 12:57:44', '2020-10-11 12:57:49'),
(285, 4, 2, 'Leny Anwar', 'Johan Alexander Supit', 'Jl. Kedungmangu (Kedung Mangu)', 'Jl. Wonorejo Selatan', '2021-06-24 00:00:00', '2021-06-26 00:00:00', 12, 1, 10000, 6, 'baju', '2020-10-11 12:57:44', '2020-10-12 12:57:49'),
(286, 4, 2, 'Leny I. Wangsawidjaja', 'Johan Arifkaja Adi Lesmana', 'Jl. Randu', 'Jl. Pandugo', '2021-06-25 00:00:00', '2021-06-27 00:00:00', 12, 1, 10000, 6, 'mie gelas', '2020-10-12 12:57:44', '2020-10-13 12:57:49'),
(287, 4, 2, 'Leonard Pandy Phua', 'Johan Soedibjo', 'Jl. Pogot', 'Jl. Medokan Ayu', '2021-06-26 00:00:00', '2021-06-28 00:00:00', 12, 6, 60000, 1, 'mie gelas', '2020-10-13 12:57:44', '2020-10-14 12:57:49'),
(288, 4, 2, 'Leonardus Eko Daru Lumadyo', 'Johan T. Gilbert', 'Jl. Kedung Cowek', 'Jl. Medokan Sawah', '2021-06-27 00:00:00', '2021-06-29 00:00:00', 12, 1, 10000, 2, 'baju', '2020-10-14 12:57:44', '2020-10-15 12:57:49'),
(289, 4, 2, 'Lestariono', 'Johan Tandean', 'Jl. Nambangan', 'Jl. Wonoayu', '2021-06-28 00:00:00', '2021-06-30 00:00:00', 12, 2, 20000, 3, 'topi', '2020-10-15 12:57:44', '2020-10-16 12:57:49'),
(290, 4, 2, 'Letty Johan', 'Johana Poedjokerto', 'Jl. Bulak Banteng', 'Jl. Penjaringan Timur', '2021-06-29 00:00:00', '2021-07-01 00:00:00', 12, 3, 30000, 4, 'sepatu', '2020-10-16 12:57:44', '2020-10-17 12:57:49'),
(291, 4, 2, 'Levi Octavia Soewarna', 'Johanes Herkiamto', 'Jl. Bulak Banteng Wetan', 'Jl. Rungkut Madya', '2021-06-30 00:00:00', '2021-07-02 00:00:00', 12, 3, 30000, 5, 'jam', '2020-10-17 12:57:44', '2020-10-18 12:57:49'),
(292, 4, 2, 'Lianawati Setyo', 'Johanes Gunawan', 'Jl. Bulak Rukem', 'Jl. Zamhuri', '2021-07-01 00:00:00', '2021-07-03 00:00:00', 12, 2, 20000, 6, 'mie gelas', '2020-10-18 12:57:44', '2020-10-19 12:57:49'),
(293, 4, 2, 'Lianny Haryono', 'Johanes Kennedy Aritonang', 'Jl. Bulak Jaya', 'Jl. Rungkut Madya', '2021-07-02 00:00:00', '2021-07-04 00:00:00', 13, 7, 70000, 2, 'jilbab', '2020-10-19 12:57:44', '2020-10-20 12:57:49'),
(294, 4, 2, 'Liauw Sumiati', 'Johanes Susilo', 'Jl. Bulak Sari', 'Jl. Zamhuri', '2021-07-03 00:00:00', '2021-07-05 00:00:00', 13, 2, 20000, 6, 'sandal ', '2020-10-20 12:57:44', '2020-10-21 12:57:49'),
(295, 4, 2, 'Lidwina Lindawati Kartiko', 'JOHANES TANG WIDJAJA', 'Jl. Wonokusumo', 'Jl. Rungkut Tengah', '2021-07-04 00:00:00', '2021-07-06 00:00:00', 13, 10, 100000, 6, 'kacamata', '2020-10-21 12:57:44', '2020-10-22 12:57:49'),
(296, 4, 2, 'Lie Sie Giem', 'Johannes Goenawan', 'Jl. Wonosari Lor', 'Jl. Rungkut Menanggal', '2021-07-05 00:00:00', '2021-07-07 00:00:00', 13, 3, 30000, 6, 'pensil', '2020-10-22 12:57:44', '2020-10-23 12:57:49'),
(297, 4, 2, 'Lie Soemarli', 'JOHANNES HALIM', 'Jl. Karang Tembok', 'Jl. Gunung Anyar Lor', '2021-07-06 00:00:00', '2021-07-08 00:00:00', 13, 2, 20000, 6, 'buku tulis', '2020-10-23 12:57:44', '2020-10-24 12:57:49'),
(298, 5, 2, 'Lie Tjauw Mian', 'Johannes Oentoro', 'Jl. Sidorame', 'Jl. Gunung Anyar Tengah', '2021-07-07 00:00:00', '2021-07-09 00:00:00', 14, 7, 70000, 6, 'mie gelas', '2020-10-24 12:57:44', '2020-10-25 12:57:49'),
(299, 5, 2, 'Lie Tjin Ming', 'Johannes Setijono ', 'Jl. Sultan Iskandar Muda (Eks. Danakarya)', 'Jl. Gunung Anyar Kidul', '2021-07-08 00:00:00', '2021-07-10 00:00:00', 14, 2, 20000, 1, 'kalung', '2020-10-25 12:57:44', '2020-10-26 12:57:49'),
(300, 5, 2, 'Liem Hadi Mualim', 'Johannes Tanuwijaya', 'Jl. Hang Tuah', 'Jl. Gunung Anyar Timur', '2021-07-09 00:00:00', '2021-07-11 00:00:00', 14, 3, 30000, 2, 'mie gelas', '2020-10-26 12:57:44', '2020-10-27 12:57:49'),
(301, 5, 2, 'LIEM JOHAN HALIM', 'John Kosasih', 'Jl. Jakarta (Eks. Sarwajala)', 'Jl. Amir Mahmud', '2021-07-10 00:00:00', '2021-07-12 00:00:00', 14, 7, 70000, 3, 'sweater', '2020-10-27 12:57:44', '2020-10-28 12:57:49'),
(302, 5, 2, 'Liem Kong Shiung', 'John Franklin', 'Jl. Nyamplungan', 'Jl. Abdul Karim', '2021-07-11 00:00:00', '2021-07-13 00:00:00', 14, 5, 50000, 4, 'kunciran', '2020-10-28 12:57:44', '2020-10-29 12:57:49'),
(303, 5, 2, 'Liem Sin Huang', 'John Gordon McFadzien', 'Jl. Pegirian', 'Jl. Medokan Semampir', '2021-07-12 00:00:00', '2021-07-14 00:00:00', 14, 8, 80000, 5, 'baju', '2020-10-29 12:57:44', '2020-10-30 12:57:49'),
(304, 5, 2, 'Lies Kusumawati', 'John Hugh Lester', 'Jl. Pegirian', 'Jl. Medokan Keputih', '2021-07-13 00:00:00', '2021-07-15 00:00:00', 15, 5, 50000, 6, 'bedak', '2020-10-30 12:57:44', '2020-10-31 12:57:49'),
(305, 5, 2, 'Lijatini Setiono', 'John Hugh Lester', 'Jl. Simokerto', 'Jl. Semolowaru', '2021-07-14 00:00:00', '2021-07-16 00:00:00', 15, 1, 10000, 2, 'indomie goreng', '2020-10-31 12:57:44', '2020-11-01 12:57:49'),
(306, 5, 2, 'LIKE RANI IMANTO RACHMAT', 'John Joseph Franklin', 'Jl. Kenjeran', 'Jl. Sukosemolo', '2021-07-15 00:00:00', '2021-07-17 00:00:00', 15, 22, 220000, 6, 'indomie goreng', '2020-11-01 12:57:44', '2020-11-02 12:57:49'),
(307, 5, 2, 'Likin Handoko', 'John Todo Bonner', 'Jl. Tambakrejo', 'Jl. Arief Rachman Hakim', '2021-07-16 00:00:00', '2021-07-18 00:00:00', 15, 1, 10000, 6, 'susu', '2020-11-02 12:57:44', '2020-11-03 12:57:49'),
(308, 5, 2, 'LiLi Ashari', 'John Williem Vanderwal', 'Jl. Kapas Krampung', 'Jl. Keputih', '2021-07-17 00:00:00', '2021-07-19 00:00:00', 15, 10, 100000, 6, 'mie gelas', '2020-11-03 12:57:44', '2020-11-04 12:57:49'),
(309, 5, 2, 'Liliana Budi Santoso', 'Johnlee Mailoa', 'Jl. Tambaksari', 'Jl. Keputih Tegal', '2021-07-18 00:00:00', '2021-07-20 00:00:00', 16, 10, 100000, 6, 'baju', '2020-11-04 12:57:44', '2020-11-05 12:57:49'),
(310, 5, 2, 'Liliana Budi Santoso and Willy Gunawan', 'Johnnie Hermanto', 'Jl. Residen Sudirman', 'Jl. Deles', '2021-07-19 00:00:00', '2021-07-21 00:00:00', 16, 5, 50000, 6, 'celana', '2020-11-05 12:57:44', '2020-11-06 12:57:49'),
(311, 5, 2, 'Liliana Wibisono', 'Johnny', 'Jl. Pacar Keling', 'Jl. Menur Pumpungan', '2021-07-20 00:00:00', '2021-07-22 00:00:00', 16, 5, 50000, 1, 'indomie goreng', '2020-11-06 12:57:44', '2020-11-07 12:57:49'),
(312, 5, 2, 'Liliawati Rahardjo', 'Johnny Wiriawan', 'Jl. Pacar Kembang', 'Jl. Klampis Jaya', '2021-07-21 00:00:00', '2021-07-23 00:00:00', 16, 3, 30000, 2, 'toner', '2020-11-07 12:57:44', '2020-11-08 12:57:49'),
(313, 1, 2, 'Lily Ciarensia Tjia', 'Johnson Williang Sutjipto', 'Jl. Kalasan', 'Jl. Gebang Putih', '2021-07-22 00:00:00', '2021-07-24 00:00:00', 2, 1, 10000, 1, 'topi', '2020-11-08 12:57:44', '2020-11-09 12:57:49'),
(314, 1, 2, 'Lily Lawandra', 'Johny Lisangan', 'Jl. Jolotundo', 'Jl. Gebang Lor', '2021-07-23 00:00:00', '2021-07-25 00:00:00', 2, 1, 10000, 2, 'mie gelas', '2020-11-09 12:57:44', '2020-11-10 12:57:49'),
(315, 1, 2, 'Lily Marjani Pribadi', 'Johny Surjana', 'Jl. Tambang Boyo', 'Jl. KH Ahmad Dahlan', '2021-07-24 00:00:00', '2021-07-26 00:00:00', 2, 15, 150000, 6, 'jam', '2020-11-10 12:57:44', '2020-11-11 12:57:49'),
(316, 1, 2, 'Lily Solaiman Sutantyo', 'Joice', 'Jl. Kedung Tarukan', 'Jl. Kejawan Gebang', '2021-07-25 00:00:00', '2021-07-27 00:00:00', 2, 9, 90000, 6, 'mukena', '2020-11-11 12:57:44', '2020-11-12 12:57:49'),
(317, 1, 2, 'Lily Tamin', 'Joko Himawan ', 'Jl. Kaliwaron', 'Jl. Kejawan Putih Tambak', '2021-07-26 00:00:00', '2021-07-28 00:00:00', 2, 3, 30000, 6, 'indomie goreng', '2020-11-12 12:57:44', '2020-11-13 12:57:49'),
(318, 1, 2, 'LILY YULIANI HALIM', 'Jonas Jahja', 'Jl. Kaliwaron', 'Jl. Manyar Kertoadi', '2021-07-27 00:00:00', '2021-07-29 00:00:00', 2, 1, 10000, 6, 'sandal ', '2020-11-13 12:57:44', '2020-11-14 12:57:49'),
(319, 1, 2, 'Lilyani Tanoko', 'Joni Yoesoef', 'Jl. Kalikepiting', 'Jl. Nginden', '2021-07-28 00:00:00', '2021-07-30 00:00:00', 2, 1, 10000, 6, 'indomie goreng', '2020-11-14 12:57:44', '2020-11-15 12:57:49'),
(320, 1, 2, 'Lilys Tjiawi', 'JOPIE WIDJAJA', 'Jl. Karang Asem', 'Jl. Manyar', '2021-07-29 00:00:00', '2021-07-31 00:00:00', 3, 1, 10000, 1, 'baju', '2020-11-15 12:57:44', '2020-11-16 12:57:49'),
(321, 1, 2, 'Lim Arie Sasmita', 'Joppy Robert Saerang', 'Jl. Bronggalan', 'Jl. Mleto', '2021-07-30 00:00:00', '2021-08-01 00:00:00', 3, 5, 50000, 2, 'buku tulis', '2020-11-16 12:57:44', '2020-11-17 12:57:49'),
(322, 1, 2, 'Lim Budi Susetyo', 'Jos Parengkuan', 'Jl. Putro Agung Wetan', 'Jl. Nginden Semolo', '2021-07-31 00:00:00', '2021-08-02 00:00:00', 3, 5, 50000, 3, 'gelang', '2020-11-17 12:57:44', '2020-11-18 12:57:49'),
(323, 1, 2, 'Lim Eddy Purnomo', 'Jos Winata Wihardja', 'Jl. Putra Agung Kulon', 'Jl. Manyar Kertoadi', '2021-08-01 00:00:00', '2021-08-03 00:00:00', 3, 1, 10000, 4, 'kalung', '2020-11-18 12:57:44', '2020-11-19 12:57:49'),
(324, 1, 2, 'Lim Eng Khim', 'Jose R. Hanna', 'Jl. Kedung Sroko', 'Jl. Mleto', '2021-08-02 00:00:00', '2021-08-04 00:00:00', 3, 1, 10000, 5, 'handphone', '2020-11-19 12:57:44', '2020-11-20 12:57:49'),
(325, 1, 2, 'Lim Fie Tjong', 'Josef Indra Njoman', 'Jl. Kenjeran', 'Jl. Kalisari', '2021-08-03 00:00:00', '2021-08-05 00:00:00', 3, 6, 60000, 6, 'indomie goreng', '2020-11-20 12:57:44', '2020-11-21 12:57:49'),
(326, 1, 2, 'Lim Limman Nugroho', 'Josep Lay', 'Jl. Simo Gunung', 'Jl. Mulyosari', '2021-08-04 00:00:00', '2021-08-06 00:00:00', 3, 1, 10000, 1, 'indomie goreng', '2020-11-21 12:57:44', '2020-11-22 12:57:49'),
(327, 1, 2, 'Lim Lys Erty', 'Josep Susanto Kiswandono', 'Jl. Simo Gunung', 'Jl. Kejawan Putih Tambak', '2021-08-05 00:00:00', '2021-08-07 00:00:00', 3, 2, 20000, 2, 'baju', '2020-11-22 12:57:44', '2020-11-23 12:57:49'),
(328, 1, 2, 'Lim Soon Huat', 'Joseph Dharmabrata', 'Jl. Tanjungsari', 'Jl. Tempurejo', '2021-08-06 00:00:00', '2021-08-08 00:00:00', 3, 3, 30000, 6, 'indomie goreng', '2020-11-23 12:57:44', '2020-11-24 12:57:49'),
(329, 1, 2, 'Lim Tjung Luong', 'Joseph Donald Charles Buddy', 'Jl. Sukomanunggal', 'Jl. Mulyorejo', '2021-08-07 00:00:00', '2021-08-09 00:00:00', 3, 3, 30000, 6, 'indomie goreng', '2020-11-24 12:57:44', '2020-11-25 12:57:49'),
(330, 1, 2, 'Limanto', 'Joseph Tjakra', 'Jl. Simo Magersari', 'Jl. Sutorejo', '2021-08-08 00:00:00', '2021-08-10 00:00:00', 3, 2, 20000, 6, 'botol minum', '2020-11-25 12:57:44', '2020-11-26 12:57:49'),
(331, 1, 2, 'Limiwaty Lie', 'JOSEPHYNE WIDJAJA', 'Jl. Simo Jawar', 'Jl. Kalijudan', '2021-08-09 00:00:00', '2021-08-11 00:00:00', 3, 7, 70000, 6, 'mie gelas', '2020-11-26 12:57:44', '2020-11-27 12:57:49'),
(332, 1, 2, 'Yu-Cheng', 'Joso Ramli', 'Jl. Mayjen HR. Mohammad', 'Jl. Kenjeran', '2021-08-10 00:00:00', '2021-08-12 00:00:00', 4, 2, 20000, 6, 'bedak', '2020-11-27 12:57:44', '2020-11-28 12:57:49'),
(333, 1, 2, 'Lina Gunawan', 'Jovanka Mardova', 'Jl. Ahmad Yani', 'Jl. Manyar Kertoarjo', '2021-08-11 00:00:00', '2021-08-13 00:00:00', 4, 3, 30000, 1, 'indomie goreng', '2020-11-28 12:57:44', '2020-11-29 12:57:49'),
(334, 1, 2, 'Lina Harjanti Latif', 'Joyce Handajani', 'Jl. Ahmad Yani', 'Jl. Manyar Sabrangan', '2021-08-12 00:00:00', '2021-08-14 00:00:00', 4, 6, 60000, 2, 'boneka', '2020-11-29 12:57:44', '2020-11-30 12:57:49'),
(335, 1, 2, 'Lina Kurniawan', 'Joyner Overseas ', 'Jl. Stasiun Wonokromo', 'Jl. Kertajaya Indah', '2021-08-13 00:00:00', '2021-08-15 00:00:00', 4, 3, 30000, 3, 'susu', '2020-11-30 12:57:44', '2020-12-01 12:57:49'),
(336, 1, 2, 'Lina Soegiharto Leo', 'Jozef Darmawan Angkasa', 'Jl. Mastrip', 'Jl. Labansari', '2021-08-14 00:00:00', '2021-08-16 00:00:00', 4, 10, 100000, 4, 'mie gelas', '2020-12-01 12:57:44', '2020-12-02 12:57:49'),
(337, 2, 2, 'Linawati Soejanto', 'Juanda Lesmana Lauw', 'Jl. Mastrip', 'Jl. Sulawesi', '2021-08-15 00:00:00', '2021-08-17 00:00:00', 5, 2, 20000, 5, 'baju', '2020-12-02 12:57:44', '2020-12-03 12:57:49'),
(338, 2, 2, 'Linawidjaja Kusprajudi', 'JUANDY WIJAYA', 'Jl. Gunungsari', 'Jl. Gubeng', '2021-08-16 00:00:00', '2021-08-18 00:00:00', 5, 5, 50000, 6, 'celana', '2020-12-03 12:57:44', '2020-12-04 12:57:49'),
(339, 2, 2, 'Linda Hakim', 'Juanita Desiree Tampubolon', 'Jl. Joyoboyo', 'Jl. Biliton', '2021-08-17 00:00:00', '2021-08-19 00:00:00', 5, 6, 60000, 1, 'gula', '2020-12-04 12:57:44', '2020-12-05 12:57:49'),
(340, 2, 2, 'Linda Lauw', 'Judca Herlina Hansoehardi', 'Jl. Menganti', 'Jl. Sumatra', '2021-08-18 00:00:00', '2021-08-20 00:00:00', 5, 7, 70000, 2, 'toner', '2020-12-05 12:57:44', '2020-12-06 12:57:49'),
(341, 2, 2, 'Linda Liani Janti Senjaya', 'Judi Gunawan', 'Jl. Hayam Wuruk', 'Jl. Manyar', '2021-08-19 00:00:00', '2021-08-21 00:00:00', 5, 8, 80000, 6, 'topi', '2020-12-06 12:57:44', '2020-12-07 12:57:49'),
(342, 2, 2, 'Linda Marlina Isatyawan', 'Juliana Kusnandar', 'Jl. Gajah Mada', 'Jl. Kertajaya', '2021-08-20 00:00:00', '2021-08-22 00:00:00', 5, 9, 90000, 6, 'sepatu', '2020-12-07 12:57:44', '2020-12-08 12:57:49'),
(343, 2, 2, 'Marcella Magdalena', 'Juliana Ong Pei I', 'Jl. Adityawarman', 'Jl. Karang Menjangan', '2021-08-21 00:00:00', '2021-08-23 00:00:00', 5, 1, 10000, 6, 'jam', '2020-12-08 12:57:44', '2020-12-09 12:57:49'),
(344, 2, 2, 'Marcellus Charles Colondam', 'Julianna Yohan', 'Jl. Ciliwung', 'Jl. Prof. Dr. Moestopo', '2021-08-22 00:00:00', '2021-08-24 00:00:00', 5, 2, 20000, 6, 'mukena', '2020-12-09 12:57:44', '2020-12-10 12:57:49'),
(345, 2, 2, 'MARCELLYNA JUNITA WIDJAJA', 'JULIATI WIDJAJA', 'Jl. Kutai', 'Jl. Kaliwaron', '2021-08-23 00:00:00', '2021-08-25 00:00:00', 5, 3, 30000, 6, 'jilbab', '2020-12-10 12:57:44', '2020-12-11 12:57:49'),
(346, 2, 2, 'Marco Baldini', 'Julianti Widjojo', 'Jl. Indragiri', 'Jl. Menur', '2021-08-24 00:00:00', '2021-08-26 00:00:00', 5, 3, 30000, 1, 'sandal ', '2020-12-11 12:57:44', '2020-12-12 12:57:49'),
(347, 2, 2, 'Margareth Maria Regina Budhiparama', 'Juliawati Budiman', 'Jl. Pulo Wonokromo', 'Jl. Airlangga', '2021-08-25 00:00:00', '2021-08-27 00:00:00', 5, 2, 20000, 2, 'kacamata', '2020-12-12 12:57:44', '2020-12-13 12:57:49'),
(348, 2, 2, 'MARGARETHA NATALIA WIDJAJA', 'Julie Mulya Jiauw', 'Jl. Pagesangan', 'Jl. Srikana', '2021-08-26 00:00:00', '2021-08-28 00:00:00', 5, 1, 10000, 3, 'baju', '2020-12-13 12:57:44', '2020-12-14 12:57:49'),
(349, 2, 2, 'Maria Karmila', 'Junanda Syarfuan', 'Jl. Jambangan', 'Jl. Dharmawangsa', '2021-08-27 00:00:00', '2021-08-29 00:00:00', 5, 6, 60000, 4, 'buku tulis', '2020-12-14 12:57:44', '2020-12-15 12:57:49'),
(350, 2, 2, 'Marilyn Caracas', 'Bobby Andhika', 'Jl. Karah', 'Jl. Kertajaya', '2021-08-28 00:00:00', '2021-08-30 00:00:00', 6, 7, 70000, 5, 'gelang', '2020-12-15 12:57:44', '2020-12-16 12:57:49'),
(351, 2, 2, 'Mario Christy', 'Juni Setiawati Wonowidjojo', 'Jl. Karah Agung', 'Jl. Ngagel Jaya', '2021-08-29 00:00:00', '2021-08-31 00:00:00', 6, 6, 60000, 6, 'kalung', '2020-12-16 12:57:44', '2020-12-17 12:57:49'),
(352, 2, 2, 'Mario Satya Pratomo', 'JUNITA CIPUTRA', 'Jl. Kebon Agung', 'Jl. Pucang Anom Timur', '2021-08-30 00:00:00', '2021-09-01 00:00:00', 6, 9, 90000, 1, 'baju', '2020-12-17 12:57:44', '2020-12-18 12:57:49'),
(353, 2, 2, 'Mark Patrick Hanusz', 'Junius Wijaya', 'Jl. Gayung Kebonsari', 'Jl. Ngagel Jaya Selatan', '2021-08-31 00:00:00', '2021-09-02 00:00:00', 6, 8, 80000, 2, 'sweater', '2020-12-18 12:57:44', '2020-12-19 12:57:49'),
(354, 2, 2, 'Markun', 'Junty', 'Jl. Gayungan PTT', 'Jl. Bratang Jaya', '2021-09-01 00:00:00', '2021-09-03 00:00:00', 6, 8, 80000, 6, 'indomie goreng', '2020-12-19 12:57:44', '2020-12-20 12:57:49'),
(355, 2, 2, 'Markus Parmadi', 'Junus Jen Suherman', 'Jl. Dukuh Menanggal', 'Jl. Bratang Binangun', '2021-09-02 00:00:00', '2021-09-04 00:00:00', 7, 7, 70000, 6, 'sapu', '2020-12-20 12:57:44', '2020-12-21 12:57:49'),
(356, 2, 2, 'Marluce Tio Indriati Santoso', 'Junus Jen Suherman ', 'Jl. Ketintang', 'Jl. Karimun Jawa', '2021-09-03 00:00:00', '2021-09-05 00:00:00', 7, 6, 60000, 6, 'taplak meja', '2020-12-21 12:57:44', '2020-12-22 12:57:49'),
(357, 2, 2, 'Marten Liu', 'Junus Siswadi', 'Jl. Siwalankerto', 'Jl. Sulawesi', '2021-09-04 00:00:00', '2021-09-06 00:00:00', 7, 5, 50000, 6, 'masker duckbil', '2020-12-22 12:57:44', '2020-12-23 12:57:49'),
(358, 2, 2, 'Martin Wijaya Ng', 'Jurnalis ', 'Jl. Siwalankerto Timur', 'Jl. Keputran', '2021-09-05 00:00:00', '2021-09-07 00:00:00', 7, 1, 10000, 6, 'botol minum', '2020-12-23 12:57:44', '2020-12-24 12:57:49'),
(359, 2, 2, 'Martina M. Sudwikatmono ', 'Jusak Hadi Wardojo', 'Jl. Jemursari', 'Jl. Dr. Soetomo', '2021-09-06 00:00:00', '2021-09-08 00:00:00', 7, 2, 20000, 1, 'raket', '2020-12-24 12:57:44', '2020-12-25 12:57:49'),
(360, 2, 2, 'Martina M. Sukwikaimono', 'Justian Suhandinata', 'Jl. Margorejo', 'Jl. M. Jasin Polisi Istimewa', '2021-09-07 00:00:00', '2021-09-09 00:00:00', 7, 3, 30000, 2, 'jaket', '2020-12-25 12:57:44', '2020-12-26 12:57:49'),
(361, 2, 2, 'Martinus Arief Limandoko', 'Justin Barney Goff', 'Jl. Margorejo Indah', 'Jl. Darmo Kali', '2021-09-08 00:00:00', '2021-09-10 00:00:00', 7, 1, 10000, 3, 'headset', '2020-12-26 12:57:44', '2020-12-27 12:57:49'),
(362, 2, 2, 'Marvin C S Yong', 'Justin Breheny', 'Jl. Jemur Andayani', 'Jl. Pandegiling', '2021-09-09 00:00:00', '2021-09-11 00:00:00', 7, 21, 210000, 4, 'bedak', '2020-12-27 12:57:44', '2020-12-28 12:57:49'),
(363, 3, 2, 'Mary Ganasutrisna', 'Justo Padilla Nestro', 'Jl. Prapen', 'Jl. Dinoyo', '2021-09-10 00:00:00', '2021-09-12 00:00:00', 8, 22, 220000, 5, 'indomie goreng', '2020-12-28 12:57:44', '2020-12-29 12:57:49'),
(364, 3, 2, 'Maryati Benniardi Imanto', 'Jusuf', 'Jl. Ngagel', 'Jl. Darmo', '2021-09-11 00:00:00', '2021-09-13 00:00:00', 8, 12, 120000, 6, 'boneka', '2020-12-29 12:57:44', '2020-12-30 12:57:49'),
(365, 3, 2, 'MASAYU PANGESTU', 'Jusuf Handri Rachmantio', 'Jl. Bendul Merisi', 'Jl. Tegalsari', '2021-09-12 00:00:00', '2021-09-14 00:00:00', 8, 15, 150000, 1, 'susu', '2020-12-30 12:57:44', '2020-12-31 12:57:49'),
(366, 3, 2, 'Muchel', 'Jusuf Heryanto', 'Jl. Bendul Merisi', 'Jl. Kedungsari', '2021-09-13 00:00:00', '2021-09-15 00:00:00', 8, 17, 170000, 2, 'mie gelas', '2020-12-31 12:57:44', '2021-01-01 12:57:49'),
(367, 3, 2, 'Mathilda Stephanie', 'Jusuf Salman', 'Jl. Bung Tomo', 'Jl. Pregolan', '2021-09-14 00:00:00', '2021-09-16 00:00:00', 8, 18, 180000, 6, 'baju', '2021-01-01 12:57:44', '2021-01-02 12:57:49'),
(368, 3, 2, 'Matthew Joseph Georgeson', 'Jusuf Tanuwidjaja', 'Jl. Mayjen Sungkono', 'Jl. Basuki Rahmat', '2021-09-15 00:00:00', '2021-09-17 00:00:00', 8, 20, 200000, 6, 'celana', '2021-01-02 12:57:44', '2021-01-03 12:57:49'),
(369, 3, 2, 'Matthew S. Deayton', 'Jusup Budihartono Prajogo', 'Jl. Mayjen Sungkono', 'Jl. Embong Malang', '2021-09-16 00:00:00', '2021-09-18 00:00:00', 8, 21, 210000, 6, 'gula', '2021-01-03 12:57:44', '2021-01-04 12:57:49'),
(370, 3, 2, 'Maxymilian Adelberd', 'Jusup Susanto Djunaidi', 'Jl. Mayjen Sungkono', 'Jl. Kedung Doro', '2021-09-17 00:00:00', '2021-09-19 00:00:00', 8, 22, 220000, 6, 'toner', '2021-01-04 12:57:44', '2021-01-05 12:57:49'),
(371, 3, 2, 'Maya Hartono', 'Juwita Lianty Suandi', 'Jl. Dukuh Kupang', 'Jl. Kombes Pol Duryat', '2021-09-18 00:00:00', '2021-09-20 00:00:00', 8, 21, 210000, 6, 'topi', '2021-01-05 12:57:44', '2021-01-06 12:57:49'),
(372, 3, 2, 'MEDINA LATIEF', 'Jyoti Lekhraj Budhrani', 'Jl. Balas Klumprik', 'Jl. Diponegoro', '2021-09-19 00:00:00', '2021-09-21 00:00:00', 9, 10, 100000, 1, 'sepatu', '2021-01-06 12:57:44', '2021-01-07 12:57:49'),
(373, 3, 2, 'Meena', 'Ibrahim', 'Jl. Ngagel Jaya Selatan', 'Jl. Diponegoro', '2021-09-20 00:00:00', '2021-09-22 00:00:00', 9, 12, 120000, 2, 'jam', '2021-01-07 12:57:44', '2021-01-08 12:57:49'),
(374, 3, 2, 'Megawati Setiadi', 'Ibu Rahmawaty', 'Jl. Ngagel Rejo', 'Jl. Tembok Dukuh', '2021-09-21 00:00:00', '2021-09-23 00:00:00', 9, 9, 90000, 3, 'mukena', '2021-01-08 12:57:44', '2021-01-09 12:57:49'),
(375, 3, 2, 'Mei Ing', 'Ichsan Rizal', 'Jl. Ngagel Rejo Kidul', 'Jl. Kalibutuh', '2021-09-22 00:00:00', '2021-09-24 00:00:00', 9, 8, 80000, 4, 'jilbab', '2021-01-09 12:57:44', '2021-01-10 12:57:49'),
(376, 3, 2, 'Meigawaty Soejatno', 'Ichsanuddin Noorsy', 'Jl. Darmo', 'Jl. Demak', '2021-09-23 00:00:00', '2021-09-25 00:00:00', 9, 18, 180000, 5, 'sandal ', '2021-01-10 12:57:44', '2021-01-11 12:57:49'),
(377, 3, 2, 'MEILIANA WIDJAJA', 'Ida Bagus Made Putra Jandhana', 'Jl. Pasar Kembang', 'Jl. Semarang', '2021-09-24 00:00:00', '2021-09-26 00:00:00', 9, 8, 80000, 6, 'kacamata', '2021-01-11 12:57:44', '2021-01-12 12:57:49'),
(378, 3, 2, 'Meiriaty Soetoyo', 'Ida Budisusetyo', 'Jl. Arjuno', 'Jl. Bubutan', '2021-09-25 00:00:00', '2021-09-27 00:00:00', 9, 7, 70000, 1, 'pensil', '2021-01-12 12:57:44', '2021-01-13 12:57:49'),
(379, 3, 2, 'Meity Subianto', 'Ie Kian Tjoan', 'Jl. Girilaya', 'Jl. Gemblongan', '2021-09-26 00:00:00', '2021-09-28 00:00:00', 10, 6, 60000, 1, 'buku tulis', '2021-01-13 12:57:44', '2021-01-14 12:57:49'),
(380, 3, 2, 'Meizar Suyardi', 'Ie Mila Setiawaty', 'Jl. Putat Jaya', 'Jl. Pahlawan', '2021-09-27 00:00:00', '2021-09-29 00:00:00', 10, 5, 50000, 1, 'gelang', '2021-01-14 12:57:44', '2021-01-15 12:57:49'),
(381, 3, 2, 'Meliawati Surjasari', 'Ignanto Sandjojo', 'Jl. Banyu Urip', 'Jl. Kramat Gantung', '2021-09-28 00:00:00', '2021-09-30 00:00:00', 10, 1, 10000, 1, 'kalung', '2021-01-15 12:57:44', '2021-01-16 12:57:49'),
(382, 3, 2, 'Melina Jonas', 'Ignatius Joe Budiman', 'Jl. Kupang Gunung', 'Jl. Pasar Turi', '2021-09-29 00:00:00', '2021-10-01 00:00:00', 10, 2, 20000, 1, 'handphone', '2021-01-16 12:57:44', '2021-01-17 12:57:49'),
(383, 4, 2, 'Melisa Patricia Tanoko', 'Ignatius Toni Gunawan', 'Jl. Dukuh Kupang', 'Jl. Tembaan', '2021-09-30 00:00:00', '2021-10-02 00:00:00', 11, 3, 30000, 1, 'sweater', '2021-01-17 12:57:44', '2021-01-18 12:57:49'),
(384, 4, 2, 'Melissa Ong', 'Iing Yoshawirja', 'Jl. Kranggan', 'Jl. Pasar Besar Wetan', '2021-10-01 00:00:00', '2021-10-03 00:00:00', 11, 2, 20000, 1, 'topi', '2021-01-18 12:57:44', '2021-01-19 12:57:49'),
(385, 4, 2, 'Melly Kristanti', 'ILHAM AKBAR HABIBIE', 'Jl. Simo Kwagean', 'Jl. Dupak', '2021-10-02 00:00:00', '2021-10-04 00:00:00', 11, 3, 30000, 1, 'sepatu', '2021-01-19 12:57:44', '2021-01-20 12:57:49'),
(386, 4, 2, 'Melvin', 'Ima Endang Prayanti Garibaldi', 'Jl. Pacuan Kuda', 'Jl. Jepara', '2021-10-03 00:00:00', '2021-10-05 00:00:00', 11, 3, 30000, 1, 'jam', '2021-01-20 12:57:44', '2021-01-21 12:57:49'),
(387, 4, 2, 'MELVIN SALIM ', 'Ima Tjahjadi Tjhang', 'Jl. Tidar', 'Jl. Rembang', '2021-10-04 00:00:00', '2021-10-06 00:00:00', 11, 2, 20000, 1, 'mie gelas', '2021-01-21 12:57:44', '2021-01-22 12:57:49'),
(388, 4, 2, 'Mende Sulinadi', 'Imam Muhadi Rowi', 'Jl. Dukuh Kupang', 'Jl. Tunjungan', '2021-10-05 00:00:00', '2021-10-07 00:00:00', 11, 7, 70000, 1, 'jilbab', '2021-01-22 12:57:44', '2021-01-23 12:57:49'),
(389, 4, 2, 'Meranti Handajani Serad', 'Iman Tamin', 'Jl. Blauran', 'Jl. Jagalan', '2021-10-06 00:00:00', '2021-10-08 00:00:00', 11, 2, 20000, 1, 'sandal ', '2021-01-23 12:57:44', '2021-01-24 12:57:49'),
(390, 4, 2, 'mita', 'Imelda Dharma', 'Jl. Darmo Kali', 'Jl. Kalianyar', '2021-10-07 00:00:00', '2021-10-09 00:00:00', 11, 10, 100000, 1, 'kacamata', '2021-01-24 12:57:44', '2021-01-25 12:57:49'),
(391, 4, 2, 'Mermeden ', 'Ina Irena Jonas Jahja', 'Jl. Jagir Wonokromo', 'Jl. Basuki Rahmat', '2021-10-08 00:00:00', '2021-10-10 00:00:00', 11, 3, 30000, 2, 'pensil', '2021-01-25 12:57:44', '2021-01-26 12:57:49'),
(392, 4, 2, 'Merry', 'Inayat Ali Badruddin', 'Jl. Bratang Gede', 'Jl. Gubernur Suryo', '2021-10-09 00:00:00', '2021-10-11 00:00:00', 11, 2, 20000, 6, 'buku tulis', '2021-01-26 12:57:44', '2021-01-27 12:57:49'),
(393, 4, 2, 'Meslin Bertrand Marie Jacques', 'Inda Aryanti Imanto', 'Jl. Mayjen HR. Mohammad', 'Jl. Yos Sudarso', '2021-10-10 00:00:00', '2021-10-12 00:00:00', 12, 7, 70000, 6, 'mie gelas', '2021-01-27 12:57:44', '2021-01-28 12:57:49'),
(394, 4, 2, 'Metta Margaretha Murdaya', 'Indah Djuita Tjatursari', 'Jl. Mayjen HR. Mohammad', 'Jl. Pemuda', '2021-10-11 00:00:00', '2021-10-13 00:00:00', 12, 2, 20000, 6, 'kalung', '2021-01-28 12:57:44', '2021-01-29 12:57:49'),
(395, 4, 2, 'Miana Dwilasmini Sudwikatmono', 'Indahwaty Hartono', 'Jl. Lakarsantri', 'Jl. Panglima Sudirman', '2021-10-12 00:00:00', '2021-10-14 00:00:00', 12, 3, 30000, 6, 'mie gelas', '2021-01-29 12:57:44', '2021-01-30 12:57:49'),
(396, 4, 2, 'Michael Atman', 'Indawan Saputra Hatta', 'Jl. Lontar', 'Jl. Gubeng Pojok', '2021-10-13 00:00:00', '2021-10-15 00:00:00', 12, 7, 70000, 6, 'sweater', '2021-01-30 12:57:44', '2021-01-31 12:57:49'),
(397, 4, 2, 'Michael D. Twomey', 'Indawati', 'Jl. Bangkingan', 'Jl. Kaya', '2021-10-14 00:00:00', '2021-10-16 00:00:00', 12, 5, 50000, 1, 'kunciran', '2021-01-31 12:57:44', '2021-02-01 12:57:49'),
(398, 4, 2, 'Michael Dharmawan Euslim', 'Inder Singh', 'Jl. Sumur Welut', 'Jl. Walikota Mustajab', '2021-10-15 00:00:00', '2021-10-17 00:00:00', 12, 8, 80000, 2, 'baju', '2021-02-01 12:57:44', '2021-02-02 12:57:49'),
(399, 4, 2, 'Michael Gan', 'Indra Gunawan', 'Jl. Sumberan', 'Jl. Wijaya Kusuma', '2021-10-16 00:00:00', '2021-10-18 00:00:00', 12, 7, 70000, 3, 'taplak meja', '2021-02-02 12:57:44', '2021-02-03 12:57:49'),
(400, 4, 2, 'Michael Rusli', 'INDRA GUNAWAN WONOWIDJOJO', 'Jl. Bumi', 'Jl. Jaksa Agung Suprapto', '2021-10-17 00:00:00', '2021-10-19 00:00:00', 12, 1, 10000, 4, 'masker duckbil', '2021-02-03 12:57:44', '2021-02-04 12:57:49');

-- --------------------------------------------------------

--
-- Table structure for table `retur`
--

CREATE TABLE `retur` (
  `id` bigint(20) UNSIGNED NOT NULL,
  `surat_angkutan_id` bigint(20) UNSIGNED NOT NULL,
  `pegawai_id` bigint(20) UNSIGNED NOT NULL,
  `tanggal` date NOT NULL,
  `total` bigint(20) NOT NULL,
  `keterangan` text COLLATE utf8mb4_unicode_ci NOT NULL,
  `ongkos` bigint(20) NOT NULL,
  `created_at` timestamp NULL DEFAULT NULL,
  `updated_at` timestamp NULL DEFAULT NULL
) ENGINE=InnoDB DEFAULT CHARSET=utf8mb4 COLLATE=utf8mb4_unicode_ci;

-- --------------------------------------------------------

--
-- Table structure for table `surat_angkutan`
--

CREATE TABLE `surat_angkutan` (
  `id` bigint(20) UNSIGNED NOT NULL,
  `pesanan_id` bigint(20) UNSIGNED NOT NULL,
  `penjadwalan_id` bigint(20) UNSIGNED NOT NULL,
  `ongkos` bigint(20) NOT NULL,
  `created_at` timestamp NULL DEFAULT NULL,
  `updated_at` timestamp NULL DEFAULT NULL
) ENGINE=InnoDB DEFAULT CHARSET=utf8mb4 COLLATE=utf8mb4_unicode_ci;

--
-- Dumping data for table `surat_angkutan`
--

INSERT INTO `surat_angkutan` (`id`, `pesanan_id`, `penjadwalan_id`, `ongkos`, `created_at`, `updated_at`) VALUES
(1, 1, 1, 100000, '2022-10-05 20:10:25', '2022-10-05 20:10:25');

-- --------------------------------------------------------

--
-- Table structure for table `truk`
--

CREATE TABLE `truk` (
  `id` bigint(20) UNSIGNED NOT NULL,
  `nopol` varchar(255) COLLATE utf8mb4_unicode_ci NOT NULL,
  `jenis` varchar(255) COLLATE utf8mb4_unicode_ci NOT NULL,
  `kota_id` bigint(20) UNSIGNED NOT NULL,
  `created_at` timestamp NULL DEFAULT NULL,
  `updated_at` timestamp NULL DEFAULT NULL
) ENGINE=InnoDB DEFAULT CHARSET=utf8mb4 COLLATE=utf8mb4_unicode_ci;

--
-- Dumping data for table `truk`
--

INSERT INTO `truk` (`id`, `nopol`, `jenis`, `kota_id`, `created_at`, `updated_at`) VALUES
(1, 'P8863YN', 'Lokal', 75, '2022-10-05 20:02:18', '2022-10-05 20:02:18'),
(2, 'AG 9913 PE', 'Truk Engkel', 74, '2022-12-06 13:49:39', '2022-12-06 13:49:39'),
(3, 'AG 1002 QW', 'Truk Colt Diesel Double', 74, '2022-12-06 13:50:14', '2022-12-06 13:50:14'),
(4, 'AG 7110 QP', 'Truk Pick-Up', 74, '2022-12-06 13:50:46', '2022-12-06 13:50:46'),
(5, 'L 8020 EG', 'Truk Engkel', 444, '2022-12-06 13:51:25', '2022-12-06 13:51:25'),
(6, 'L 3431 EW', 'Truk Colt Diesel Double', 444, '2022-12-06 13:51:50', '2022-12-06 13:51:50'),
(7, 'L 1276 EF', 'Truk Pick-Up', 444, '2022-12-06 13:52:14', '2022-12-06 13:52:14'),
(8, 'DA 5431 AW', 'Truk Engkel', 36, '2022-12-06 13:52:53', '2022-12-06 13:52:53'),
(9, 'DA 7676 MI', 'Truk Colt Diesel Double', 36, '2022-12-06 13:53:32', '2022-12-06 13:53:32'),
(10, 'DA 5731 EM', 'Truk Pick-Up', 36, '2022-12-06 13:54:00', '2022-12-06 13:54:00'),
(11, 'AB 2002 AW', 'Truk Engkel', 501, '2022-12-06 13:54:33', '2022-12-06 13:54:33'),
(12, 'AB 1995 HC', 'Truk Colt Diesel Double', 501, '2022-12-06 13:55:08', '2022-12-06 13:55:08'),
(13, 'AB 1945 HG', 'Truk Pick-Up', 501, '2022-12-06 13:55:28', '2022-12-06 13:55:28'),
(14, 'KB 1991 CE', 'Truk Engkel', 415, '2022-12-06 13:55:48', '2022-12-06 13:55:48'),
(15, 'KB 2345 CK', 'Truk Colt Diesel Double', 415, '2022-12-06 13:56:10', '2022-12-06 13:56:10'),
(16, 'KB 7613 CF', 'Truk Pick-Up', 415, '2022-12-06 13:56:24', '2022-12-06 13:56:24');

-- --------------------------------------------------------

--
-- Table structure for table `users`
--

CREATE TABLE `users` (
  `id` bigint(20) UNSIGNED NOT NULL,
  `perusahaan_id` bigint(20) UNSIGNED DEFAULT NULL,
  `nama` varchar(255) COLLATE utf8mb4_unicode_ci NOT NULL,
  `username` varchar(255) COLLATE utf8mb4_unicode_ci NOT NULL,
  `no_hp` varchar(255) COLLATE utf8mb4_unicode_ci DEFAULT NULL,
  `password` varchar(255) COLLATE utf8mb4_unicode_ci NOT NULL,
  `level` int(11) NOT NULL DEFAULT 2,
  `created_at` timestamp NULL DEFAULT NULL,
  `updated_at` timestamp NULL DEFAULT NULL
) ENGINE=InnoDB DEFAULT CHARSET=utf8mb4 COLLATE=utf8mb4_unicode_ci;

--
-- Dumping data for table `users`
--

INSERT INTO `users` (`id`, `perusahaan_id`, `nama`, `username`, `no_hp`, `password`, `level`, `created_at`, `updated_at`) VALUES
(1, NULL, 'Mitra', 'mitra', NULL, '$2y$10$1O6R7bPfssN6ROqmBTAyP.0zz/HO3d5BdI3fEL6WVigZSVi5iNG6.', 1, NULL, NULL),
(2, NULL, 'Customer', 'customer', NULL, '$2y$10$hay6iVZh9UOjaGGbK.eebObdQenRJ7CNogKqTM3jDmDu3G64p3Bny', 3, NULL, NULL),
(3, 1, 'Pegawai Blitar', 'pegawai', '9999999999', '$2y$10$2BW0u5iOzBGx/QIIfDS5L.dnZPPkNt65QBrJFpko1iAnXwzHr68I.', 2, '2022-10-05 20:03:33', '2022-10-05 20:03:33'),
(4, NULL, 'Pegawai Jakarta Pusat', 'pegawai_jktpst', NULL, '$2y$10$Mfop5mYYQN7yGJGbj/pUU.djOXc1eaAXmXO0VHbWvOgpwrRPsdW22', 3, '2022-12-06 10:23:33', '2022-12-06 10:23:33'),
(5, NULL, 'admin', 'admin', NULL, '$2y$10$LHsONQb6vRe0/iSXzFfuOu2vBM0sH5EHUGg0QRYFTPeVuDt58B9Hi', 1, '2022-12-06 10:46:22', '2022-12-06 10:46:22'),
(6, 1, 'Tono', 'ton_no', '0865372644', '$2y$10$iy2weX9I0le5fHgocEcdHeH7vsnDjcFMF/SeO3zVvkfD6cS2o.x0O', 2, '2022-12-06 10:58:12', '2022-12-06 10:58:12'),
(7, 1, 'Andy', 'and23', '0812372644', '$2y$10$P1trmce4Z9g6If.rPpz67uxuKn88WagGdVHDvIQolYh.vB94ssU1y', 2, '2022-12-06 11:45:36', '2022-12-06 11:45:36'),
(8, 1, 'jokkok', 'jokkk33', '081513147998', 'jokooo234', 2, '2022-12-06 11:51:11', '2022-12-06 11:51:11'),
(9, 1, 'Bagus', 'bgs_56', '0865372777', '$2y$10$gErshNSvv/HDcW4upDriLeggfJwYk.N0jt8TK0270NqxR6gLQgVim', 2, '2022-12-06 11:51:11', '2022-12-06 11:51:11'),
(10, 1, 'Randy', 'randy1', '08137785499', '$2y$10$9avkaEygf6O./V07lY52ou9p896tDPgIaDoZQWve4LKh19yxLOL8y', 2, '2022-12-06 11:54:03', '2022-12-06 11:54:03'),
(11, 1, 'Soni', 'son_3', '08122567849', '$2y$10$n0LHWFwE9kaMydtVIsajf./YP3i.G.8S/h4FYe1BQEiUmTTpoFAJy', 2, '2022-12-06 11:54:59', '2022-12-06 11:54:59'),
(12, 1, 'Joko', 'joko1', '0811788252', '$2y$10$JPzLGtmWfd9Ay0Q9zS9ZhOBcUtk0YtjidLp0BVsx7M98Hvu22MbPK', 2, '2022-12-06 11:56:00', '2022-12-06 11:56:00'),
(13, 2, 'Sandy', 'sand2', '0813445785', '$2y$10$1q2hi.h3osVkiMimJz7lLeTsis9fwTq/O5t8EH2hIG6.CTvYcoxgO', 2, '2022-12-06 12:58:31', '2022-12-06 12:58:31'),
(14, 2, 'Rizky', 'rzky_', '0812334455643', '$2y$10$UrL7Gd1Nr1Adi2gU0vK6YuXW7lOW2UFPcuuhj0JWGjxMoBSI6C1Wu', 2, '2022-12-06 12:59:27', '2022-12-06 12:59:27'),
(15, 2, 'Bombi', 'bomm5', '08977657897', '$2y$10$B/6mH8OGhGP1.P5TMsRj1etcyATO1pcAPwtCxjAhngesAyEN3MeAC', 2, '2022-12-06 13:00:28', '2022-12-06 13:00:28'),
(16, 2, 'Zaki', 'zakzak', '0813345356', '$2y$10$DQ3n1Mv4G4..VKdKv0eGB.pb4GDUaeRGUunn9xHga.FkKMOF5D4W.', 2, '2022-12-06 13:01:24', '2022-12-06 13:01:24'),
(17, 2, 'Wendi', 'w3ndi', '08121134345', '$2y$10$Od./TdhA5161xZv5TIA3f.21UxSecfL4muofDVztLoYkIYAwtD2cK', 2, '2022-12-06 13:02:48', '2022-12-06 13:02:48'),
(18, 2, 'Sopo', 's0p0_', '08116678754', '$2y$10$cUFaO05p27IgqyAwDgcKCeWjowsYqJHBd/KfFvM47SKZMV3qPFG4a', 2, '2022-12-06 13:03:52', '2022-12-06 13:03:52'),
(19, 3, 'Jarwo', 'jarw0', '0811223343467', '$2y$10$BoInyWvnahXyJN9LLR9aPubPnl7I1U0VlrezAo.ljsJWRIVNwFkfe', 2, '2022-12-06 13:12:06', '2022-12-06 13:12:06'),
(20, 3, 'Bejo', 'b3jo_', '08811453627', '$2y$10$/Xz3sCmH6gJFWbn5liK0Dehx2W8u/VmN3wbePT/bR/TLgxFSnpUFy', 2, '2022-12-06 13:13:23', '2022-12-06 13:13:23'),
(21, 3, 'Sukiman', 'suk_man', '08767787536', '$2y$10$NsqwVDpeFdQtGF.nXlRV6eJEk2Luj3B6UU0UXN44wj8mCU6MZE7Na', 2, '2022-12-06 13:14:15', '2022-12-06 13:14:15'),
(22, 3, 'Budiman', 'bud_man', '0811811676', '$2y$10$dx0Uq/wJi5KFl2OZu/HGOujcsntmPzT6uaQspJ6WJDa5Ap720nJmu', 2, '2022-12-06 13:17:14', '2022-12-06 13:17:14'),
(23, 3, 'Yanto', 'ynt_12', '08116673628', '$2y$10$o8BArEsdo2JSu2Rw0cyCAeM2eOnZQhl9zfOZdkxxOV9MeSk3ySzrK', 2, '2022-12-06 13:18:02', '2022-12-06 13:18:02'),
(24, 3, 'Arif', 'rif_45', '0812366583', '$2y$10$WqBcGR/veU4npa/6x6JjkuBjTA2zHUSc3qz/drz0RsHYkx1jbmsbu', 2, '2022-12-06 13:19:02', '2022-12-06 13:19:02'),
(25, 4, 'Arsal', 'arsal_sal', '0887286482', '$2y$10$uzrMLHjoCZqL3fA/MGXfkOA5i5./nB0rY3BwmYc9kTSYfeBYOyT6.', 2, '2022-12-06 13:23:20', '2022-12-06 13:23:20'),
(26, 4, 'Anjar', 'anj123', '0889786589', '$2y$10$XhtGiSSOS/WLAfBWMlDnHuqQf/SBZ90z4No2HQfspc2wjgjkdf/QW', 2, '2022-12-06 13:24:44', '2022-12-06 13:24:44'),
(27, 4, 'Angga', 'ang_ga', '0812346857', '$2y$10$7YKgXQj9dOIlpRhDhd5WVOEa5NC22dkdJWehujlviPaGgU98.a29S', 2, '2022-12-06 13:25:55', '2022-12-06 13:25:55'),
(28, 4, 'Farhan', 'frh4n', '08126789723', '$2y$10$1fw8hpZZRWxJF7h3OyWd.OSwuXS6IylumvWSq0sJZfL13DUuMh0N6', 2, '2022-12-06 13:27:08', '2022-12-06 13:27:08'),
(29, 4, 'Maulana', 'mln_7', '08119864732', '$2y$10$t78FH6LCNxn/2t2ZLUsEGekAR5smYW4G.J7mVZJuHHgT/VGvlfJ82', 2, '2022-12-06 13:27:56', '2022-12-06 13:27:56'),
(30, 4, 'Alvin', '4lvin', '0811074638', '$2y$10$b1rZsIjVgY1KA0tNlBb/meGbPA3prEVLxkszlM0gWFHwPHI3HzklK', 2, '2022-12-06 13:29:11', '2022-12-06 13:29:11'),
(31, 5, 'Bimo', 'bim0_', '08554357853', '$2y$10$X69ITfhJ92Q14XBpylGZMeZlEB/Uyr4DOMLeC0Sx/rOUJFnjSnUL.', 2, '2022-12-06 13:32:10', '2022-12-06 13:32:10'),
(32, 5, 'Tegar', 'tgr_2', '084366786', '$2y$10$PEpu/rx5a9IU2WdBDIbHwur7HFHScTgknn2xT8ROeGhwYRwai8xxS', 2, '2022-12-06 13:33:06', '2022-12-06 13:33:06'),
(33, 5, 'Adit', 'adt23', '0843357854', '$2y$10$AY5e6Ycd3.EfNmYmzAjyCeJ5DDAY1zqCH29LiduVLXIuXtYk0h18i', 2, '2022-12-06 13:34:04', '2022-12-06 13:34:04'),
(34, 5, 'Rizal', 'zzali', '08217365495', '$2y$10$3Dp8Ub2kSMBNvmKfXI/s2u7/1QZlyOvGj8.sA6UMK9M/X2aUuuER2', 2, '2022-12-06 13:35:25', '2022-12-06 13:35:25'),
(35, 5, 'Yono', 'yon00', '0857492488', '$2y$10$r/iozJANHBz73VanwM1cruo2pKidyozyTi9pdFapP8UpI5imnuKqO', 2, '2022-12-06 13:36:30', '2022-12-06 13:36:30'),
(36, 5, 'Suroso', 'suro91', '0874629886', '$2y$10$fAeBuKHOGIIO3ZBSxCZV6uDLo6QUb7nkTYGDCOzDTHIZeY8Y3YMD6', 2, '2022-12-06 13:37:16', '2022-12-06 13:37:16');

-- --------------------------------------------------------

--
-- Table structure for table `user_dim`
--

CREATE TABLE `user_dim` (
  `sk_user` int(11) DEFAULT NULL,
  `pegawai_id` bigint(20) DEFAULT NULL,
  `nama` varchar(255) DEFAULT NULL
) ENGINE=InnoDB DEFAULT CHARSET=utf8mb4;

--
-- Dumping data for table `user_dim`
--

INSERT INTO `user_dim` (`sk_user`, `pegawai_id`, `nama`) VALUES
(1, 3, 'Pegawai Blitar'),
(2, 6, 'Tono'),
(3, 7, 'Andy'),
(4, 8, 'jokkok'),
(5, 9, 'Bagus'),
(6, 10, 'Randy'),
(7, 11, 'Soni'),
(8, 12, 'Joko'),
(9, 6, 'Tono'),
(10, 7, 'Andy'),
(11, 8, 'jokkok'),
(12, 9, 'Bagus'),
(13, 10, 'Randy'),
(14, 11, 'Soni'),
(15, 12, 'Joko'),
(16, 6, 'Tono'),
(17, 7, 'Andy'),
(18, 8, 'jokkok'),
(19, 9, 'Bagus'),
(20, 10, 'Randy'),
(21, 11, 'Soni'),
(22, 12, 'Joko'),
(23, 6, 'Tono'),
(24, 7, 'Andy'),
(25, 8, 'jokkok'),
(26, 13, 'Sandy'),
(27, 13, 'Sandy'),
(28, 13, 'Sandy'),
(29, 13, 'Sandy'),
(30, 17, 'Wendi'),
(31, 17, 'Wendi'),
(32, 13, 'Sandy'),
(33, 13, 'Sandy'),
(34, 14, 'Rizky'),
(35, 14, 'Rizky'),
(36, 14, 'Rizky'),
(37, 14, 'Rizky'),
(38, 15, 'Bombi'),
(39, 15, 'Bombi'),
(40, 15, 'Bombi'),
(41, 18, 'Sopo'),
(42, 18, 'Sopo'),
(43, 18, 'Sopo'),
(44, 15, 'Bombi'),
(45, 15, 'Bombi'),
(46, 15, 'Bombi'),
(47, 16, 'Zaki'),
(48, 16, 'Zaki'),
(49, 17, 'Wendi'),
(50, 17, 'Wendi'),
(51, 17, 'Wendi'),
(52, 19, 'Jarwo'),
(53, 19, 'Jarwo'),
(54, 19, 'Jarwo'),
(55, 19, 'Jarwo'),
(56, 19, 'Jarwo'),
(57, 19, 'Jarwo'),
(58, 20, 'Bejo'),
(59, 20, 'Bejo'),
(60, 20, 'Bejo'),
(61, 20, 'Bejo'),
(62, 20, 'Bejo'),
(63, 20, 'Bejo'),
(64, 20, 'Bejo'),
(65, 21, 'Sukiman'),
(66, 21, 'Sukiman'),
(67, 21, 'Sukiman'),
(68, 22, 'Budiman'),
(69, 22, 'Budiman'),
(70, 22, 'Budiman'),
(71, 22, 'Budiman'),
(72, 25, 'Arsal'),
(73, 25, 'Arsal'),
(74, 25, 'Arsal'),
(75, 25, 'Arsal'),
(76, 25, 'Arsal'),
(77, 25, 'Arsal'),
(78, 25, 'Arsal'),
(79, 25, 'Arsal'),
(80, 25, 'Arsal'),
(81, 25, 'Arsal'),
(82, 25, 'Arsal'),
(83, 26, 'Anjar'),
(84, 26, 'Anjar'),
(85, 26, 'Anjar'),
(86, 26, 'Anjar'),
(87, 26, 'Anjar'),
(88, 27, 'Angga'),
(89, 27, 'Angga'),
(90, 27, 'Angga'),
(91, 27, 'Angga'),
(92, 28, 'Farhan'),
(93, 28, 'Farhan'),
(94, 28, 'Farhan'),
(95, 28, 'Farhan'),
(96, 28, 'Farhan'),
(97, 31, 'Bimo'),
(98, 32, 'Tegar'),
(99, 33, 'Adit'),
(100, 34, 'Rizal'),
(101, 35, 'Yono'),
(102, 36, 'Suroso'),
(103, 31, 'Bimo'),
(104, 32, 'Tegar'),
(105, 33, 'Adit'),
(106, 34, 'Rizal'),
(107, 35, 'Yono'),
(108, 36, 'Suroso'),
(109, 31, 'Bimo'),
(110, 32, 'Tegar'),
(111, 33, 'Adit'),
(112, 6, 'Tono'),
(113, 7, 'Andy'),
(114, 8, 'jokkok'),
(115, 9, 'Bagus'),
(116, 10, 'Randy'),
(117, 11, 'Soni'),
(118, 12, 'Joko'),
(119, 6, 'Tono'),
(120, 7, 'Andy'),
(121, 8, 'jokkok'),
(122, 9, 'Bagus'),
(123, 10, 'Randy'),
(124, 11, 'Soni'),
(125, 12, 'Joko'),
(126, 6, 'Tono'),
(127, 7, 'Andy'),
(128, 8, 'jokkok'),
(129, 9, 'Bagus'),
(130, 10, 'Randy'),
(131, 11, 'Soni'),
(132, 12, 'Joko'),
(133, 6, 'Tono'),
(134, 7, 'Andy'),
(135, 8, 'jokkok'),
(136, 13, 'Sandy'),
(137, 13, 'Sandy'),
(138, 13, 'Sandy'),
(139, 13, 'Sandy'),
(140, 13, 'Sandy'),
(141, 13, 'Sandy'),
(142, 14, 'Rizky'),
(143, 14, 'Rizky'),
(144, 14, 'Rizky'),
(145, 14, 'Rizky'),
(146, 14, 'Rizky'),
(147, 14, 'Rizky'),
(148, 14, 'Rizky'),
(149, 14, 'Rizky'),
(150, 15, 'Bombi'),
(151, 15, 'Bombi'),
(152, 15, 'Bombi'),
(153, 15, 'Bombi'),
(154, 15, 'Bombi'),
(155, 15, 'Bombi'),
(156, 16, 'Zaki'),
(157, 16, 'Zaki'),
(158, 17, 'Wendi'),
(159, 17, 'Wendi'),
(160, 18, 'Sopo'),
(161, 18, 'Sopo'),
(162, 23, 'Yanto'),
(163, 23, 'Yanto'),
(164, 23, 'Yanto'),
(165, 23, 'Yanto'),
(166, 23, 'Yanto'),
(167, 23, 'Yanto'),
(168, 23, 'Yanto'),
(169, 23, 'Yanto'),
(170, 23, 'Yanto'),
(171, 23, 'Yanto'),
(172, 23, 'Yanto'),
(173, 23, 'Yanto'),
(174, 23, 'Yanto'),
(175, 24, 'Arif'),
(176, 24, 'Arif'),
(177, 24, 'Arif'),
(178, 24, 'Arif'),
(179, 24, 'Arif'),
(180, 24, 'Arif'),
(181, 24, 'Arif'),
(182, 28, 'Farhan'),
(183, 28, 'Farhan'),
(184, 28, 'Farhan'),
(185, 28, 'Farhan'),
(186, 28, 'Farhan'),
(187, 28, 'Farhan'),
(188, 29, 'Maulana'),
(189, 29, 'Maulana'),
(190, 29, 'Maulana'),
(191, 29, 'Maulana'),
(192, 29, 'Maulana'),
(193, 29, 'Maulana'),
(194, 29, 'Maulana'),
(195, 29, 'Maulana'),
(196, 30, 'Alvin'),
(197, 30, 'Alvin'),
(198, 30, 'Alvin'),
(199, 30, 'Alvin'),
(200, 30, 'Alvin'),
(201, 30, 'Alvin'),
(202, 30, 'Alvin'),
(203, 3, 'Pegawai Blitar'),
(204, 6, 'Tono'),
(205, 7, 'Andy'),
(206, 8, 'jokkok'),
(207, 9, 'Bagus'),
(208, 10, 'Randy'),
(209, 11, 'Soni'),
(210, 12, 'Joko'),
(211, 6, 'Tono'),
(212, 7, 'Andy'),
(213, 8, 'jokkok'),
(214, 9, 'Bagus'),
(215, 10, 'Randy'),
(216, 11, 'Soni'),
(217, 12, 'Joko'),
(218, 6, 'Tono'),
(219, 7, 'Andy'),
(220, 8, 'jokkok'),
(221, 9, 'Bagus'),
(222, 10, 'Randy'),
(223, 11, 'Soni'),
(224, 12, 'Joko'),
(225, 6, 'Tono'),
(226, 7, 'Andy'),
(227, 8, 'jokkok'),
(228, 13, 'Sandy'),
(229, 13, 'Sandy'),
(230, 13, 'Sandy'),
(231, 13, 'Sandy'),
(232, 17, 'Wendi'),
(233, 17, 'Wendi'),
(234, 13, 'Sandy'),
(235, 13, 'Sandy'),
(236, 14, 'Rizky'),
(237, 14, 'Rizky'),
(238, 14, 'Rizky'),
(239, 14, 'Rizky'),
(240, 15, 'Bombi'),
(241, 15, 'Bombi'),
(242, 15, 'Bombi'),
(243, 18, 'Sopo'),
(244, 18, 'Sopo'),
(245, 18, 'Sopo'),
(246, 15, 'Bombi'),
(247, 15, 'Bombi'),
(248, 15, 'Bombi'),
(249, 16, 'Zaki'),
(250, 16, 'Zaki'),
(251, 17, 'Wendi'),
(252, 17, 'Wendi'),
(253, 17, 'Wendi'),
(254, 19, 'Jarwo'),
(255, 19, 'Jarwo'),
(256, 19, 'Jarwo'),
(257, 19, 'Jarwo'),
(258, 19, 'Jarwo'),
(259, 19, 'Jarwo'),
(260, 20, 'Bejo'),
(261, 20, 'Bejo'),
(262, 20, 'Bejo'),
(263, 20, 'Bejo'),
(264, 20, 'Bejo'),
(265, 20, 'Bejo'),
(266, 20, 'Bejo'),
(267, 21, 'Sukiman'),
(268, 21, 'Sukiman'),
(269, 21, 'Sukiman'),
(270, 22, 'Budiman'),
(271, 22, 'Budiman'),
(272, 22, 'Budiman'),
(273, 22, 'Budiman'),
(274, 25, 'Arsal'),
(275, 25, 'Arsal'),
(276, 25, 'Arsal'),
(277, 25, 'Arsal'),
(278, 25, 'Arsal'),
(279, 25, 'Arsal'),
(280, 25, 'Arsal'),
(281, 25, 'Arsal'),
(282, 25, 'Arsal'),
(283, 25, 'Arsal'),
(284, 25, 'Arsal'),
(285, 26, 'Anjar'),
(286, 26, 'Anjar'),
(287, 26, 'Anjar'),
(288, 26, 'Anjar'),
(289, 26, 'Anjar'),
(290, 27, 'Angga'),
(291, 27, 'Angga'),
(292, 27, 'Angga'),
(293, 27, 'Angga'),
(294, 28, 'Farhan'),
(295, 28, 'Farhan'),
(296, 28, 'Farhan'),
(297, 28, 'Farhan'),
(298, 28, 'Farhan'),
(299, 31, 'Bimo'),
(300, 32, 'Tegar'),
(301, 33, 'Adit'),
(302, 34, 'Rizal'),
(303, 35, 'Yono'),
(304, 36, 'Suroso'),
(305, 31, 'Bimo'),
(306, 32, 'Tegar'),
(307, 33, 'Adit'),
(308, 34, 'Rizal'),
(309, 35, 'Yono'),
(310, 36, 'Suroso'),
(311, 31, 'Bimo'),
(312, 32, 'Tegar'),
(313, 33, 'Adit'),
(314, 6, 'Tono'),
(315, 7, 'Andy'),
(316, 8, 'jokkok'),
(317, 9, 'Bagus'),
(318, 10, 'Randy'),
(319, 11, 'Soni'),
(320, 12, 'Joko'),
(321, 6, 'Tono'),
(322, 7, 'Andy'),
(323, 8, 'jokkok'),
(324, 9, 'Bagus'),
(325, 10, 'Randy'),
(326, 11, 'Soni'),
(327, 12, 'Joko'),
(328, 6, 'Tono'),
(329, 7, 'Andy'),
(330, 8, 'jokkok'),
(331, 9, 'Bagus'),
(332, 10, 'Randy'),
(333, 11, 'Soni'),
(334, 12, 'Joko'),
(335, 6, 'Tono'),
(336, 7, 'Andy'),
(337, 8, 'jokkok'),
(338, 13, 'Sandy'),
(339, 13, 'Sandy'),
(340, 13, 'Sandy'),
(341, 13, 'Sandy'),
(342, 13, 'Sandy'),
(343, 13, 'Sandy'),
(344, 14, 'Rizky'),
(345, 14, 'Rizky'),
(346, 14, 'Rizky'),
(347, 14, 'Rizky'),
(348, 14, 'Rizky'),
(349, 14, 'Rizky'),
(350, 14, 'Rizky'),
(351, 14, 'Rizky'),
(352, 15, 'Bombi'),
(353, 15, 'Bombi'),
(354, 15, 'Bombi'),
(355, 15, 'Bombi'),
(356, 15, 'Bombi'),
(357, 15, 'Bombi'),
(358, 16, 'Zaki'),
(359, 16, 'Zaki'),
(360, 17, 'Wendi'),
(361, 17, 'Wendi'),
(362, 18, 'Sopo'),
(363, 18, 'Sopo'),
(364, 23, 'Yanto'),
(365, 23, 'Yanto'),
(366, 23, 'Yanto'),
(367, 23, 'Yanto'),
(368, 23, 'Yanto'),
(369, 23, 'Yanto'),
(370, 23, 'Yanto'),
(371, 23, 'Yanto'),
(372, 23, 'Yanto'),
(373, 23, 'Yanto'),
(374, 23, 'Yanto'),
(375, 23, 'Yanto'),
(376, 23, 'Yanto'),
(377, 24, 'Arif'),
(378, 24, 'Arif'),
(379, 24, 'Arif'),
(380, 24, 'Arif'),
(381, 24, 'Arif'),
(382, 24, 'Arif'),
(383, 24, 'Arif'),
(384, 28, 'Farhan'),
(385, 28, 'Farhan'),
(386, 28, 'Farhan'),
(387, 28, 'Farhan'),
(388, 28, 'Farhan'),
(389, 28, 'Farhan'),
(390, 29, 'Maulana'),
(391, 29, 'Maulana'),
(392, 29, 'Maulana'),
(393, 29, 'Maulana'),
(394, 29, 'Maulana'),
(395, 29, 'Maulana'),
(396, 29, 'Maulana'),
(397, 29, 'Maulana'),
(398, 30, 'Alvin'),
(399, 30, 'Alvin'),
(400, 30, 'Alvin');

-- --------------------------------------------------------

--
-- Table structure for table `waktu_dim`
--

CREATE TABLE `waktu_dim` (
  `sk_waktu` bigint(20) DEFAULT NULL,
  `hari` int(11) DEFAULT NULL,
  `bulan` int(11) DEFAULT NULL,
  `tahun` int(11) DEFAULT NULL,
  `tanggal` datetime DEFAULT NULL
) ENGINE=InnoDB DEFAULT CHARSET=utf8mb4;

--
-- Dumping data for table `waktu_dim`
--

INSERT INTO `waktu_dim` (`sk_waktu`, `hari`, `bulan`, `tahun`, `tanggal`) VALUES
(20200913, 13, 9, 2020, '2020-09-13 00:00:00'),
(20200914, 14, 9, 2020, '2020-09-14 00:00:00'),
(20200915, 15, 9, 2020, '2020-09-15 00:00:00'),
(20200916, 16, 9, 2020, '2020-09-16 00:00:00'),
(20200917, 17, 9, 2020, '2020-09-17 00:00:00'),
(20200918, 18, 9, 2020, '2020-09-18 00:00:00'),
(20200919, 19, 9, 2020, '2020-09-19 00:00:00'),
(20200920, 20, 9, 2020, '2020-09-20 00:00:00'),
(20200921, 21, 9, 2020, '2020-09-21 00:00:00'),
(20200922, 22, 9, 2020, '2020-09-22 00:00:00'),
(20200923, 23, 9, 2020, '2020-09-23 00:00:00'),
(20200924, 24, 9, 2020, '2020-09-24 00:00:00'),
(20200925, 25, 9, 2020, '2020-09-25 00:00:00'),
(20200926, 26, 9, 2020, '2020-09-26 00:00:00'),
(20200927, 27, 9, 2020, '2020-09-27 00:00:00'),
(20200928, 28, 9, 2020, '2020-09-28 00:00:00'),
(20200929, 29, 9, 2020, '2020-09-29 00:00:00'),
(20200930, 30, 9, 2020, '2020-09-30 00:00:00'),
(20201001, 1, 10, 2020, '2020-10-01 00:00:00'),
(20201002, 2, 10, 2020, '2020-10-02 00:00:00'),
(20201003, 3, 10, 2020, '2020-10-03 00:00:00'),
(20201004, 4, 10, 2020, '2020-10-04 00:00:00'),
(20201005, 5, 10, 2020, '2020-10-05 00:00:00'),
(20201006, 6, 10, 2020, '2020-10-06 00:00:00'),
(20201007, 7, 10, 2020, '2020-10-07 00:00:00'),
(20201008, 8, 10, 2020, '2020-10-08 00:00:00'),
(20201009, 9, 10, 2020, '2020-10-09 00:00:00'),
(20201010, 10, 10, 2020, '2020-10-10 00:00:00'),
(20201011, 11, 10, 2020, '2020-10-11 00:00:00'),
(20201012, 12, 10, 2020, '2020-10-12 00:00:00'),
(20201013, 13, 10, 2020, '2020-10-13 00:00:00'),
(20201014, 14, 10, 2020, '2020-10-14 00:00:00'),
(20201015, 15, 10, 2020, '2020-10-15 00:00:00'),
(20201016, 16, 10, 2020, '2020-10-16 00:00:00'),
(20201017, 17, 10, 2020, '2020-10-17 00:00:00'),
(20201018, 18, 10, 2020, '2020-10-18 00:00:00'),
(20201019, 19, 10, 2020, '2020-10-19 00:00:00'),
(20201020, 20, 10, 2020, '2020-10-20 00:00:00'),
(20201021, 21, 10, 2020, '2020-10-21 00:00:00'),
(20201022, 22, 10, 2020, '2020-10-22 00:00:00'),
(20201023, 23, 10, 2020, '2020-10-23 00:00:00'),
(20201024, 24, 10, 2020, '2020-10-24 00:00:00'),
(20201025, 25, 10, 2020, '2020-10-25 00:00:00'),
(20201026, 26, 10, 2020, '2020-10-26 00:00:00'),
(20201027, 27, 10, 2020, '2020-10-27 00:00:00'),
(20201028, 28, 10, 2020, '2020-10-28 00:00:00'),
(20201029, 29, 10, 2020, '2020-10-29 00:00:00'),
(20201030, 30, 10, 2020, '2020-10-30 00:00:00'),
(20201031, 31, 10, 2020, '2020-10-31 00:00:00'),
(20201101, 1, 11, 2020, '2020-11-01 00:00:00'),
(20201102, 2, 11, 2020, '2020-11-02 00:00:00'),
(20201103, 3, 11, 2020, '2020-11-03 00:00:00'),
(20201104, 4, 11, 2020, '2020-11-04 00:00:00'),
(20201105, 5, 11, 2020, '2020-11-05 00:00:00'),
(20201106, 6, 11, 2020, '2020-11-06 00:00:00'),
(20201107, 7, 11, 2020, '2020-11-07 00:00:00'),
(20201108, 8, 11, 2020, '2020-11-08 00:00:00'),
(20201109, 9, 11, 2020, '2020-11-09 00:00:00'),
(20201110, 10, 11, 2020, '2020-11-10 00:00:00'),
(20201111, 11, 11, 2020, '2020-11-11 00:00:00'),
(20201112, 12, 11, 2020, '2020-11-12 00:00:00'),
(20201113, 13, 11, 2020, '2020-11-13 00:00:00'),
(20201114, 14, 11, 2020, '2020-11-14 00:00:00'),
(20201115, 15, 11, 2020, '2020-11-15 00:00:00'),
(20201116, 16, 11, 2020, '2020-11-16 00:00:00'),
(20201117, 17, 11, 2020, '2020-11-17 00:00:00'),
(20201118, 18, 11, 2020, '2020-11-18 00:00:00'),
(20201119, 19, 11, 2020, '2020-11-19 00:00:00'),
(20201120, 20, 11, 2020, '2020-11-20 00:00:00'),
(20201121, 21, 11, 2020, '2020-11-21 00:00:00'),
(20201122, 22, 11, 2020, '2020-11-22 00:00:00'),
(20201123, 23, 11, 2020, '2020-11-23 00:00:00'),
(20201124, 24, 11, 2020, '2020-11-24 00:00:00'),
(20201125, 25, 11, 2020, '2020-11-25 00:00:00'),
(20201126, 26, 11, 2020, '2020-11-26 00:00:00'),
(20201127, 27, 11, 2020, '2020-11-27 00:00:00'),
(20201128, 28, 11, 2020, '2020-11-28 00:00:00'),
(20201129, 29, 11, 2020, '2020-11-29 00:00:00'),
(20201130, 30, 11, 2020, '2020-11-30 00:00:00'),
(20201201, 1, 12, 2020, '2020-12-01 00:00:00'),
(20201202, 2, 12, 2020, '2020-12-02 00:00:00'),
(20201203, 3, 12, 2020, '2020-12-03 00:00:00'),
(20201204, 4, 12, 2020, '2020-12-04 00:00:00'),
(20201205, 5, 12, 2020, '2020-12-05 00:00:00'),
(20201206, 6, 12, 2020, '2020-12-06 00:00:00'),
(20201207, 7, 12, 2020, '2020-12-07 00:00:00'),
(20201208, 8, 12, 2020, '2020-12-08 00:00:00'),
(20201209, 9, 12, 2020, '2020-12-09 00:00:00'),
(20201210, 10, 12, 2020, '2020-12-10 00:00:00'),
(20201211, 11, 12, 2020, '2020-12-11 00:00:00'),
(20201212, 12, 12, 2020, '2020-12-12 00:00:00'),
(20201213, 13, 12, 2020, '2020-12-13 00:00:00'),
(20201214, 14, 12, 2020, '2020-12-14 00:00:00'),
(20201215, 15, 12, 2020, '2020-12-15 00:00:00'),
(20201216, 16, 12, 2020, '2020-12-16 00:00:00'),
(20201217, 17, 12, 2020, '2020-12-17 00:00:00'),
(20201218, 18, 12, 2020, '2020-12-18 00:00:00'),
(20201219, 19, 12, 2020, '2020-12-19 00:00:00'),
(20201220, 20, 12, 2020, '2020-12-20 00:00:00'),
(20201221, 21, 12, 2020, '2020-12-21 00:00:00'),
(20201222, 22, 12, 2020, '2020-12-22 00:00:00'),
(20201223, 23, 12, 2020, '2020-12-23 00:00:00'),
(20201224, 24, 12, 2020, '2020-12-24 00:00:00'),
(20201225, 25, 12, 2020, '2020-12-25 00:00:00'),
(20201226, 26, 12, 2020, '2020-12-26 00:00:00'),
(20201227, 27, 12, 2020, '2020-12-27 00:00:00'),
(20201228, 28, 12, 2020, '2020-12-28 00:00:00'),
(20201229, 29, 12, 2020, '2020-12-29 00:00:00'),
(20201230, 30, 12, 2020, '2020-12-30 00:00:00'),
(20201231, 31, 12, 2020, '2020-12-31 00:00:00'),
(20210101, 1, 1, 2021, '2021-01-01 00:00:00'),
(20210102, 2, 1, 2021, '2021-01-02 00:00:00'),
(20210103, 3, 1, 2021, '2021-01-03 00:00:00'),
(20210104, 4, 1, 2021, '2021-01-04 00:00:00'),
(20210105, 5, 1, 2021, '2021-01-05 00:00:00'),
(20210106, 6, 1, 2021, '2021-01-06 00:00:00'),
(20210107, 7, 1, 2021, '2021-01-07 00:00:00'),
(20210108, 8, 1, 2021, '2021-01-08 00:00:00'),
(20210109, 9, 1, 2021, '2021-01-09 00:00:00'),
(20210110, 10, 1, 2021, '2021-01-10 00:00:00'),
(20210111, 11, 1, 2021, '2021-01-11 00:00:00'),
(20210112, 12, 1, 2021, '2021-01-12 00:00:00'),
(20210113, 13, 1, 2021, '2021-01-13 00:00:00'),
(20210114, 14, 1, 2021, '2021-01-14 00:00:00'),
(20210115, 15, 1, 2021, '2021-01-15 00:00:00'),
(20210116, 16, 1, 2021, '2021-01-16 00:00:00'),
(20210117, 17, 1, 2021, '2021-01-17 00:00:00'),
(20210118, 18, 1, 2021, '2021-01-18 00:00:00'),
(20210119, 19, 1, 2021, '2021-01-19 00:00:00'),
(20210120, 20, 1, 2021, '2021-01-20 00:00:00'),
(20210121, 21, 1, 2021, '2021-01-21 00:00:00'),
(20210122, 22, 1, 2021, '2021-01-22 00:00:00'),
(20210123, 23, 1, 2021, '2021-01-23 00:00:00'),
(20210124, 24, 1, 2021, '2021-01-24 00:00:00'),
(20210125, 25, 1, 2021, '2021-01-25 00:00:00'),
(20210126, 26, 1, 2021, '2021-01-26 00:00:00'),
(20210127, 27, 1, 2021, '2021-01-27 00:00:00'),
(20210128, 28, 1, 2021, '2021-01-28 00:00:00'),
(20210129, 29, 1, 2021, '2021-01-29 00:00:00'),
(20210130, 30, 1, 2021, '2021-01-30 00:00:00'),
(20210131, 31, 1, 2021, '2021-01-31 00:00:00'),
(20210201, 1, 2, 2021, '2021-02-01 00:00:00'),
(20210202, 2, 2, 2021, '2021-02-02 00:00:00'),
(20210203, 3, 2, 2021, '2021-02-03 00:00:00'),
(20210204, 4, 2, 2021, '2021-02-04 00:00:00'),
(20210205, 5, 2, 2021, '2021-02-05 00:00:00'),
(20210206, 6, 2, 2021, '2021-02-06 00:00:00'),
(20210207, 7, 2, 2021, '2021-02-07 00:00:00'),
(20210208, 8, 2, 2021, '2021-02-08 00:00:00'),
(20210209, 9, 2, 2021, '2021-02-09 00:00:00'),
(20210210, 10, 2, 2021, '2021-02-10 00:00:00'),
(20210211, 11, 2, 2021, '2021-02-11 00:00:00'),
(20210212, 12, 2, 2021, '2021-02-12 00:00:00'),
(20210213, 13, 2, 2021, '2021-02-13 00:00:00'),
(20210214, 14, 2, 2021, '2021-02-14 00:00:00'),
(20210215, 15, 2, 2021, '2021-02-15 00:00:00'),
(20210216, 16, 2, 2021, '2021-02-16 00:00:00'),
(20210217, 17, 2, 2021, '2021-02-17 00:00:00'),
(20210218, 18, 2, 2021, '2021-02-18 00:00:00'),
(20210219, 19, 2, 2021, '2021-02-19 00:00:00'),
(20210220, 20, 2, 2021, '2021-02-20 00:00:00'),
(20210221, 21, 2, 2021, '2021-02-21 00:00:00'),
(20210222, 22, 2, 2021, '2021-02-22 00:00:00'),
(20210223, 23, 2, 2021, '2021-02-23 00:00:00'),
(20210224, 24, 2, 2021, '2021-02-24 00:00:00'),
(20210225, 25, 2, 2021, '2021-02-25 00:00:00'),
(20210226, 26, 2, 2021, '2021-02-26 00:00:00'),
(20210227, 27, 2, 2021, '2021-02-27 00:00:00'),
(20210228, 28, 2, 2021, '2021-02-28 00:00:00'),
(20210301, 1, 3, 2021, '2021-03-01 00:00:00'),
(20210302, 2, 3, 2021, '2021-03-02 00:00:00'),
(20210303, 3, 3, 2021, '2021-03-03 00:00:00'),
(20210304, 4, 3, 2021, '2021-03-04 00:00:00'),
(20210305, 5, 3, 2021, '2021-03-05 00:00:00'),
(20210306, 6, 3, 2021, '2021-03-06 00:00:00'),
(20210307, 7, 3, 2021, '2021-03-07 00:00:00'),
(20210308, 8, 3, 2021, '2021-03-08 00:00:00'),
(20210309, 9, 3, 2021, '2021-03-09 00:00:00'),
(20210310, 10, 3, 2021, '2021-03-10 00:00:00'),
(20210311, 11, 3, 2021, '2021-03-11 00:00:00'),
(20210312, 12, 3, 2021, '2021-03-12 00:00:00'),
(20210313, 13, 3, 2021, '2021-03-13 00:00:00'),
(20210314, 14, 3, 2021, '2021-03-14 00:00:00'),
(20210315, 15, 3, 2021, '2021-03-15 00:00:00'),
(20210316, 16, 3, 2021, '2021-03-16 00:00:00'),
(20210317, 17, 3, 2021, '2021-03-17 00:00:00'),
(20210318, 18, 3, 2021, '2021-03-18 00:00:00'),
(20210319, 19, 3, 2021, '2021-03-19 00:00:00'),
(20210320, 20, 3, 2021, '2021-03-20 00:00:00'),
(20210321, 21, 3, 2021, '2021-03-21 00:00:00'),
(20210322, 22, 3, 2021, '2021-03-22 00:00:00'),
(20210323, 23, 3, 2021, '2021-03-23 00:00:00'),
(20210324, 24, 3, 2021, '2021-03-24 00:00:00'),
(20210325, 25, 3, 2021, '2021-03-25 00:00:00'),
(20210326, 26, 3, 2021, '2021-03-26 00:00:00'),
(20210327, 27, 3, 2021, '2021-03-27 00:00:00'),
(20210328, 28, 3, 2021, '2021-03-28 00:00:00'),
(20210329, 29, 3, 2021, '2021-03-29 00:00:00'),
(20210330, 30, 3, 2021, '2021-03-30 00:00:00'),
(20210331, 31, 3, 2021, '2021-03-31 00:00:00'),
(20210401, 1, 4, 2021, '2021-04-01 00:00:00'),
(20210402, 2, 4, 2021, '2021-04-02 00:00:00'),
(20210403, 3, 4, 2021, '2021-04-03 00:00:00'),
(20210404, 4, 4, 2021, '2021-04-04 00:00:00'),
(20210405, 5, 4, 2021, '2021-04-05 00:00:00'),
(20210406, 6, 4, 2021, '2021-04-06 00:00:00'),
(20210407, 7, 4, 2021, '2021-04-07 00:00:00'),
(20210408, 8, 4, 2021, '2021-04-08 00:00:00'),
(20210409, 9, 4, 2021, '2021-04-09 00:00:00'),
(20210410, 10, 4, 2021, '2021-04-10 00:00:00'),
(20210411, 11, 4, 2021, '2021-04-11 00:00:00'),
(20210412, 12, 4, 2021, '2021-04-12 00:00:00'),
(20210413, 13, 4, 2021, '2021-04-13 00:00:00'),
(20210414, 14, 4, 2021, '2021-04-14 00:00:00'),
(20210415, 15, 4, 2021, '2021-04-15 00:00:00'),
(20210416, 16, 4, 2021, '2021-04-16 00:00:00'),
(20210417, 17, 4, 2021, '2021-04-17 00:00:00'),
(20210418, 18, 4, 2021, '2021-04-18 00:00:00'),
(20210419, 19, 4, 2021, '2021-04-19 00:00:00'),
(20210420, 20, 4, 2021, '2021-04-20 00:00:00'),
(20210421, 21, 4, 2021, '2021-04-21 00:00:00'),
(20210422, 22, 4, 2021, '2021-04-22 00:00:00'),
(20210423, 23, 4, 2021, '2021-04-23 00:00:00'),
(20210424, 24, 4, 2021, '2021-04-24 00:00:00'),
(20210425, 25, 4, 2021, '2021-04-25 00:00:00'),
(20210426, 26, 4, 2021, '2021-04-26 00:00:00'),
(20210427, 27, 4, 2021, '2021-04-27 00:00:00'),
(20210428, 28, 4, 2021, '2021-04-28 00:00:00'),
(20210429, 29, 4, 2021, '2021-04-29 00:00:00'),
(20210430, 30, 4, 2021, '2021-04-30 00:00:00'),
(20210501, 1, 5, 2021, '2021-05-01 00:00:00'),
(20210502, 2, 5, 2021, '2021-05-02 00:00:00'),
(20210503, 3, 5, 2021, '2021-05-03 00:00:00'),
(20210504, 4, 5, 2021, '2021-05-04 00:00:00'),
(20210505, 5, 5, 2021, '2021-05-05 00:00:00'),
(20210506, 6, 5, 2021, '2021-05-06 00:00:00'),
(20210507, 7, 5, 2021, '2021-05-07 00:00:00'),
(20210508, 8, 5, 2021, '2021-05-08 00:00:00'),
(20210509, 9, 5, 2021, '2021-05-09 00:00:00'),
(20210510, 10, 5, 2021, '2021-05-10 00:00:00'),
(20210511, 11, 5, 2021, '2021-05-11 00:00:00'),
(20210512, 12, 5, 2021, '2021-05-12 00:00:00'),
(20210513, 13, 5, 2021, '2021-05-13 00:00:00'),
(20210514, 14, 5, 2021, '2021-05-14 00:00:00'),
(20210515, 15, 5, 2021, '2021-05-15 00:00:00'),
(20210516, 16, 5, 2021, '2021-05-16 00:00:00'),
(20210517, 17, 5, 2021, '2021-05-17 00:00:00'),
(20210518, 18, 5, 2021, '2021-05-18 00:00:00'),
(20210519, 19, 5, 2021, '2021-05-19 00:00:00'),
(20210520, 20, 5, 2021, '2021-05-20 00:00:00'),
(20210521, 21, 5, 2021, '2021-05-21 00:00:00'),
(20210522, 22, 5, 2021, '2021-05-22 00:00:00'),
(20210523, 23, 5, 2021, '2021-05-23 00:00:00'),
(20210524, 24, 5, 2021, '2021-05-24 00:00:00'),
(20210525, 25, 5, 2021, '2021-05-25 00:00:00'),
(20210526, 26, 5, 2021, '2021-05-26 00:00:00'),
(20210527, 27, 5, 2021, '2021-05-27 00:00:00'),
(20210528, 28, 5, 2021, '2021-05-28 00:00:00'),
(20210529, 29, 5, 2021, '2021-05-29 00:00:00'),
(20210530, 30, 5, 2021, '2021-05-30 00:00:00'),
(20210531, 31, 5, 2021, '2021-05-31 00:00:00'),
(20210601, 1, 6, 2021, '2021-06-01 00:00:00'),
(20210602, 2, 6, 2021, '2021-06-02 00:00:00'),
(20210603, 3, 6, 2021, '2021-06-03 00:00:00'),
(20210604, 4, 6, 2021, '2021-06-04 00:00:00'),
(20210605, 5, 6, 2021, '2021-06-05 00:00:00'),
(20210606, 6, 6, 2021, '2021-06-06 00:00:00'),
(20210607, 7, 6, 2021, '2021-06-07 00:00:00'),
(20210608, 8, 6, 2021, '2021-06-08 00:00:00'),
(20210609, 9, 6, 2021, '2021-06-09 00:00:00'),
(20210610, 10, 6, 2021, '2021-06-10 00:00:00'),
(20210611, 11, 6, 2021, '2021-06-11 00:00:00'),
(20210612, 12, 6, 2021, '2021-06-12 00:00:00'),
(20210613, 13, 6, 2021, '2021-06-13 00:00:00'),
(20210614, 14, 6, 2021, '2021-06-14 00:00:00'),
(20210615, 15, 6, 2021, '2021-06-15 00:00:00'),
(20210616, 16, 6, 2021, '2021-06-16 00:00:00'),
(20210617, 17, 6, 2021, '2021-06-17 00:00:00'),
(20210618, 18, 6, 2021, '2021-06-18 00:00:00'),
(20210619, 19, 6, 2021, '2021-06-19 00:00:00'),
(20210620, 20, 6, 2021, '2021-06-20 00:00:00'),
(20210621, 21, 6, 2021, '2021-06-21 00:00:00'),
(20210622, 22, 6, 2021, '2021-06-22 00:00:00'),
(20210623, 23, 6, 2021, '2021-06-23 00:00:00'),
(20210624, 24, 6, 2021, '2021-06-24 00:00:00'),
(20210625, 25, 6, 2021, '2021-06-25 00:00:00'),
(20210626, 26, 6, 2021, '2021-06-26 00:00:00'),
(20210627, 27, 6, 2021, '2021-06-27 00:00:00'),
(20210628, 28, 6, 2021, '2021-06-28 00:00:00'),
(20210629, 29, 6, 2021, '2021-06-29 00:00:00'),
(20210630, 30, 6, 2021, '2021-06-30 00:00:00'),
(20210701, 1, 7, 2021, '2021-07-01 00:00:00'),
(20210702, 2, 7, 2021, '2021-07-02 00:00:00'),
(20210703, 3, 7, 2021, '2021-07-03 00:00:00'),
(20210704, 4, 7, 2021, '2021-07-04 00:00:00'),
(20210705, 5, 7, 2021, '2021-07-05 00:00:00'),
(20210706, 6, 7, 2021, '2021-07-06 00:00:00'),
(20210707, 7, 7, 2021, '2021-07-07 00:00:00'),
(20210708, 8, 7, 2021, '2021-07-08 00:00:00'),
(20210709, 9, 7, 2021, '2021-07-09 00:00:00'),
(20210710, 10, 7, 2021, '2021-07-10 00:00:00'),
(20210711, 11, 7, 2021, '2021-07-11 00:00:00'),
(20210712, 12, 7, 2021, '2021-07-12 00:00:00'),
(20210713, 13, 7, 2021, '2021-07-13 00:00:00'),
(20210714, 14, 7, 2021, '2021-07-14 00:00:00'),
(20210715, 15, 7, 2021, '2021-07-15 00:00:00'),
(20210716, 16, 7, 2021, '2021-07-16 00:00:00'),
(20210717, 17, 7, 2021, '2021-07-17 00:00:00'),
(20210718, 18, 7, 2021, '2021-07-18 00:00:00'),
(20210719, 19, 7, 2021, '2021-07-19 00:00:00'),
(20210720, 20, 7, 2021, '2021-07-20 00:00:00'),
(20210721, 21, 7, 2021, '2021-07-21 00:00:00'),
(20210722, 22, 7, 2021, '2021-07-22 00:00:00'),
(20210723, 23, 7, 2021, '2021-07-23 00:00:00'),
(20210724, 24, 7, 2021, '2021-07-24 00:00:00'),
(20210725, 25, 7, 2021, '2021-07-25 00:00:00'),
(20210726, 26, 7, 2021, '2021-07-26 00:00:00'),
(20210727, 27, 7, 2021, '2021-07-27 00:00:00'),
(20210728, 28, 7, 2021, '2021-07-28 00:00:00'),
(20210729, 29, 7, 2021, '2021-07-29 00:00:00'),
(20210730, 30, 7, 2021, '2021-07-30 00:00:00'),
(20210731, 31, 7, 2021, '2021-07-31 00:00:00'),
(20210801, 1, 8, 2021, '2021-08-01 00:00:00'),
(20210802, 2, 8, 2021, '2021-08-02 00:00:00'),
(20210803, 3, 8, 2021, '2021-08-03 00:00:00'),
(20210804, 4, 8, 2021, '2021-08-04 00:00:00'),
(20210805, 5, 8, 2021, '2021-08-05 00:00:00'),
(20210806, 6, 8, 2021, '2021-08-06 00:00:00'),
(20210807, 7, 8, 2021, '2021-08-07 00:00:00'),
(20210808, 8, 8, 2021, '2021-08-08 00:00:00'),
(20210809, 9, 8, 2021, '2021-08-09 00:00:00'),
(20210810, 10, 8, 2021, '2021-08-10 00:00:00'),
(20210811, 11, 8, 2021, '2021-08-11 00:00:00'),
(20210812, 12, 8, 2021, '2021-08-12 00:00:00'),
(20210813, 13, 8, 2021, '2021-08-13 00:00:00'),
(20210814, 14, 8, 2021, '2021-08-14 00:00:00'),
(20210815, 15, 8, 2021, '2021-08-15 00:00:00'),
(20210816, 16, 8, 2021, '2021-08-16 00:00:00'),
(20210817, 17, 8, 2021, '2021-08-17 00:00:00'),
(20210818, 18, 8, 2021, '2021-08-18 00:00:00'),
(20210819, 19, 8, 2021, '2021-08-19 00:00:00'),
(20210820, 20, 8, 2021, '2021-08-20 00:00:00'),
(20210821, 21, 8, 2021, '2021-08-21 00:00:00'),
(20210822, 22, 8, 2021, '2021-08-22 00:00:00'),
(20210823, 23, 8, 2021, '2021-08-23 00:00:00'),
(20210824, 24, 8, 2021, '2021-08-24 00:00:00'),
(20210825, 25, 8, 2021, '2021-08-25 00:00:00'),
(20210826, 26, 8, 2021, '2021-08-26 00:00:00'),
(20210827, 27, 8, 2021, '2021-08-27 00:00:00'),
(20210828, 28, 8, 2021, '2021-08-28 00:00:00'),
(20210829, 29, 8, 2021, '2021-08-29 00:00:00'),
(20210830, 30, 8, 2021, '2021-08-30 00:00:00'),
(20210831, 31, 8, 2021, '2021-08-31 00:00:00'),
(20210901, 1, 9, 2021, '2021-09-01 00:00:00'),
(20210902, 2, 9, 2021, '2021-09-02 00:00:00'),
(20210903, 3, 9, 2021, '2021-09-03 00:00:00'),
(20210904, 4, 9, 2021, '2021-09-04 00:00:00'),
(20210905, 5, 9, 2021, '2021-09-05 00:00:00'),
(20210906, 6, 9, 2021, '2021-09-06 00:00:00'),
(20210907, 7, 9, 2021, '2021-09-07 00:00:00'),
(20210908, 8, 9, 2021, '2021-09-08 00:00:00'),
(20210909, 9, 9, 2021, '2021-09-09 00:00:00'),
(20210910, 10, 9, 2021, '2021-09-10 00:00:00'),
(20210911, 11, 9, 2021, '2021-09-11 00:00:00'),
(20210912, 12, 9, 2021, '2021-09-12 00:00:00'),
(20210913, 13, 9, 2021, '2021-09-13 00:00:00'),
(20210914, 14, 9, 2021, '2021-09-14 00:00:00'),
(20210915, 15, 9, 2021, '2021-09-15 00:00:00'),
(20210916, 16, 9, 2021, '2021-09-16 00:00:00'),
(20210917, 17, 9, 2021, '2021-09-17 00:00:00'),
(20210918, 18, 9, 2021, '2021-09-18 00:00:00'),
(20210919, 19, 9, 2021, '2021-09-19 00:00:00'),
(20210920, 20, 9, 2021, '2021-09-20 00:00:00'),
(20210921, 21, 9, 2021, '2021-09-21 00:00:00'),
(20210922, 22, 9, 2021, '2021-09-22 00:00:00'),
(20210923, 23, 9, 2021, '2021-09-23 00:00:00'),
(20210924, 24, 9, 2021, '2021-09-24 00:00:00'),
(20210925, 25, 9, 2021, '2021-09-25 00:00:00'),
(20210926, 26, 9, 2021, '2021-09-26 00:00:00'),
(20210927, 27, 9, 2021, '2021-09-27 00:00:00'),
(20210928, 28, 9, 2021, '2021-09-28 00:00:00'),
(20210929, 29, 9, 2021, '2021-09-29 00:00:00'),
(20210930, 30, 9, 2021, '2021-09-30 00:00:00'),
(20211001, 1, 10, 2021, '2021-10-01 00:00:00'),
(20211002, 2, 10, 2021, '2021-10-02 00:00:00'),
(20211003, 3, 10, 2021, '2021-10-03 00:00:00'),
(20211004, 4, 10, 2021, '2021-10-04 00:00:00'),
(20211005, 5, 10, 2021, '2021-10-05 00:00:00'),
(20211006, 6, 10, 2021, '2021-10-06 00:00:00'),
(20211007, 7, 10, 2021, '2021-10-07 00:00:00'),
(20211008, 8, 10, 2021, '2021-10-08 00:00:00'),
(20211009, 9, 10, 2021, '2021-10-09 00:00:00'),
(20211010, 10, 10, 2021, '2021-10-10 00:00:00'),
(20211011, 11, 10, 2021, '2021-10-11 00:00:00'),
(20211012, 12, 10, 2021, '2021-10-12 00:00:00'),
(20211013, 13, 10, 2021, '2021-10-13 00:00:00'),
(20211014, 14, 10, 2021, '2021-10-14 00:00:00'),
(20211015, 15, 10, 2021, '2021-10-15 00:00:00'),
(20211016, 16, 10, 2021, '2021-10-16 00:00:00'),
(20211017, 17, 10, 2021, '2021-10-17 00:00:00');

--
-- Indexes for dumped tables
--

--
-- Indexes for table `barang`
--
ALTER TABLE `barang`
  ADD PRIMARY KEY (`id`),
  ADD KEY `barang_pesanan_id_foreign` (`pesanan_id`);

--
-- Indexes for table `kota`
--
ALTER TABLE `kota`
  ADD PRIMARY KEY (`id`);

--
-- Indexes for table `migrations`
--
ALTER TABLE `migrations`
  ADD PRIMARY KEY (`id`);

--
-- Indexes for table `penjadwalan`
--
ALTER TABLE `penjadwalan`
  ADD PRIMARY KEY (`id`),
  ADD KEY `penjadwalan_pesanan_id_foreign` (`pesanan_id`),
  ADD KEY `penjadwalan_pegawai_id_foreign` (`pegawai_id`);

--
-- Indexes for table `personal_access_tokens`
--
ALTER TABLE `personal_access_tokens`
  ADD PRIMARY KEY (`id`),
  ADD UNIQUE KEY `personal_access_tokens_token_unique` (`token`),
  ADD KEY `personal_access_tokens_tokenable_type_tokenable_id_index` (`tokenable_type`,`tokenable_id`);

--
-- Indexes for table `perusahaan`
--
ALTER TABLE `perusahaan`
  ADD PRIMARY KEY (`id`),
  ADD KEY `perusahaan_kota_id_foreign` (`kota_id`);

--
-- Indexes for table `pesanan`
--
ALTER TABLE `pesanan`
  ADD PRIMARY KEY (`id`),
  ADD KEY `pesanan_perusahaan_id_foreign` (`perusahaan_id`),
  ADD KEY `pesanan_user_id_foreign` (`user_id`),
  ADD KEY `pesanan_truk_id_foreign` (`truk_id`);

--
-- Indexes for table `retur`
--
ALTER TABLE `retur`
  ADD PRIMARY KEY (`id`),
  ADD KEY `retur_surat_angkutan_id_foreign` (`surat_angkutan_id`),
  ADD KEY `retur_pegawai_id_foreign` (`pegawai_id`);

--
-- Indexes for table `surat_angkutan`
--
ALTER TABLE `surat_angkutan`
  ADD PRIMARY KEY (`id`),
  ADD KEY `surat_angkutan_pesanan_id_foreign` (`pesanan_id`),
  ADD KEY `surat_angkutan_penjadwalan_id_foreign` (`penjadwalan_id`);

--
-- Indexes for table `truk`
--
ALTER TABLE `truk`
  ADD PRIMARY KEY (`id`),
  ADD KEY `truk_kota_id_foreign` (`kota_id`);

--
-- Indexes for table `users`
--
ALTER TABLE `users`
  ADD PRIMARY KEY (`id`),
  ADD UNIQUE KEY `users_username_unique` (`username`),
  ADD KEY `users_perusahaan_id_foreign` (`perusahaan_id`);

--
-- AUTO_INCREMENT for dumped tables
--

--
-- AUTO_INCREMENT for table `barang`
--
ALTER TABLE `barang`
  MODIFY `id` bigint(20) UNSIGNED NOT NULL AUTO_INCREMENT, AUTO_INCREMENT=401;

--
-- AUTO_INCREMENT for table `kota`
--
ALTER TABLE `kota`
  MODIFY `id` bigint(20) UNSIGNED NOT NULL AUTO_INCREMENT, AUTO_INCREMENT=502;

--
-- AUTO_INCREMENT for table `migrations`
--
ALTER TABLE `migrations`
  MODIFY `id` int(10) UNSIGNED NOT NULL AUTO_INCREMENT, AUTO_INCREMENT=11;

--
-- AUTO_INCREMENT for table `penjadwalan`
--
ALTER TABLE `penjadwalan`
  MODIFY `id` bigint(20) UNSIGNED NOT NULL AUTO_INCREMENT, AUTO_INCREMENT=401;

--
-- AUTO_INCREMENT for table `personal_access_tokens`
--
ALTER TABLE `personal_access_tokens`
  MODIFY `id` bigint(20) UNSIGNED NOT NULL AUTO_INCREMENT;

--
-- AUTO_INCREMENT for table `perusahaan`
--
ALTER TABLE `perusahaan`
  MODIFY `id` bigint(20) UNSIGNED NOT NULL AUTO_INCREMENT, AUTO_INCREMENT=6;

--
-- AUTO_INCREMENT for table `pesanan`
--
ALTER TABLE `pesanan`
  MODIFY `id` bigint(20) UNSIGNED NOT NULL AUTO_INCREMENT, AUTO_INCREMENT=401;

--
-- AUTO_INCREMENT for table `retur`
--
ALTER TABLE `retur`
  MODIFY `id` bigint(20) UNSIGNED NOT NULL AUTO_INCREMENT;

--
-- AUTO_INCREMENT for table `surat_angkutan`
--
ALTER TABLE `surat_angkutan`
  MODIFY `id` bigint(20) UNSIGNED NOT NULL AUTO_INCREMENT, AUTO_INCREMENT=2;

--
-- AUTO_INCREMENT for table `truk`
--
ALTER TABLE `truk`
  MODIFY `id` bigint(20) UNSIGNED NOT NULL AUTO_INCREMENT, AUTO_INCREMENT=17;

--
-- AUTO_INCREMENT for table `users`
--
ALTER TABLE `users`
  MODIFY `id` bigint(20) UNSIGNED NOT NULL AUTO_INCREMENT, AUTO_INCREMENT=37;

--
-- Constraints for dumped tables
--

--
-- Constraints for table `barang`
--
ALTER TABLE `barang`
  ADD CONSTRAINT `barang_pesanan_id_foreign` FOREIGN KEY (`pesanan_id`) REFERENCES `pesanan` (`id`);

--
-- Constraints for table `penjadwalan`
--
ALTER TABLE `penjadwalan`
  ADD CONSTRAINT `penjadwalan_pegawai_id_foreign` FOREIGN KEY (`pegawai_id`) REFERENCES `users` (`id`),
  ADD CONSTRAINT `penjadwalan_pesanan_id_foreign` FOREIGN KEY (`pesanan_id`) REFERENCES `pesanan` (`id`);

--
-- Constraints for table `perusahaan`
--
ALTER TABLE `perusahaan`
  ADD CONSTRAINT `perusahaan_kota_id_foreign` FOREIGN KEY (`kota_id`) REFERENCES `kota` (`id`);

--
-- Constraints for table `pesanan`
--
ALTER TABLE `pesanan`
  ADD CONSTRAINT `pesanan_perusahaan_id_foreign` FOREIGN KEY (`perusahaan_id`) REFERENCES `perusahaan` (`id`),
  ADD CONSTRAINT `pesanan_truk_id_foreign` FOREIGN KEY (`truk_id`) REFERENCES `truk` (`id`),
  ADD CONSTRAINT `pesanan_user_id_foreign` FOREIGN KEY (`user_id`) REFERENCES `users` (`id`);

--
-- Constraints for table `retur`
--
ALTER TABLE `retur`
  ADD CONSTRAINT `retur_pegawai_id_foreign` FOREIGN KEY (`pegawai_id`) REFERENCES `users` (`id`),
  ADD CONSTRAINT `retur_surat_angkutan_id_foreign` FOREIGN KEY (`surat_angkutan_id`) REFERENCES `surat_angkutan` (`id`);

--
-- Constraints for table `surat_angkutan`
--
ALTER TABLE `surat_angkutan`
  ADD CONSTRAINT `surat_angkutan_penjadwalan_id_foreign` FOREIGN KEY (`penjadwalan_id`) REFERENCES `penjadwalan` (`id`),
  ADD CONSTRAINT `surat_angkutan_pesanan_id_foreign` FOREIGN KEY (`pesanan_id`) REFERENCES `pesanan` (`id`);

--
-- Constraints for table `truk`
--
ALTER TABLE `truk`
  ADD CONSTRAINT `truk_kota_id_foreign` FOREIGN KEY (`kota_id`) REFERENCES `kota` (`id`);

--
-- Constraints for table `users`
--
ALTER TABLE `users`
  ADD CONSTRAINT `users_perusahaan_id_foreign` FOREIGN KEY (`perusahaan_id`) REFERENCES `perusahaan` (`id`);
COMMIT;

/*!40101 SET CHARACTER_SET_CLIENT=@OLD_CHARACTER_SET_CLIENT */;
/*!40101 SET CHARACTER_SET_RESULTS=@OLD_CHARACTER_SET_RESULTS */;
/*!40101 SET COLLATION_CONNECTION=@OLD_COLLATION_CONNECTION */;
